序号,曲目名称,演奏形式,作曲,编曲/配器,编曲/配器_2,库存编号,实体区域,总分谱,PDF,Sibelius,Finale,Encore,MIDI,录音（日期+单位）,视频（日期+单位）,备注,标签
1,阿拉貢舞曲,民族管弦乐,Georges Bizet,,李复斌,CO-AL0001.2010V2,A3-1,总谱 分谱,,,,,,,,卡门组曲,"外国作品,法国,卡门组曲"
2,阿里郎,民族管弦乐,韩国民歌,,李复斌,CO-AL0002,A3-1,总谱 分谱,,,,,,,,同档案盒,"外国作品,韩国"
3,阿里郎,民族管弦乐,韩国民歌,,李复斌,CO-AL0002.2011,A3-1,总谱 分谱,✓,✓,,,,,,,"外国作品,韩国"
4,步步高,民族管弦乐,吕文成,,李复斌,CO-BB0001,A3-1,总谱,,,,,,,,,广东
5,步步高,民族管弦乐,吕文成,,李复斌,CO-BB0001.2016,A3-1,总谱,,,,,,,,,广东
6,步步高,民族管弦乐,吕文成,,李复斌,CO-BB0001.2017,A3-1,总谱,,,,,,,,,广东
7,步步高,民族管弦乐,吕文成,,李复斌,CO-BB0002.2005,A3-1,简分谱,,,,,,,,,广东
8,“步步高”畅想,民族管弦乐,,,李复斌,CO-BB0003,A3-1,总谱 分谱,,,,,,,,,广东
9,“步步高”随想,民族管弦乐,,,李复斌,CO-BB0004,A3-1,简分谱,,,,,,,,,广东
10,“步步高”随想,民族管弦乐,,,李复斌,CO-BB0004.2008,A3-1,总谱 分谱,,,,,,,,,广东
11,“步步高”随想,民族管弦乐,,,李复斌,CO-BB0004.2008（2）,A3-1,总谱 分谱,,,,,,,,与前份相同版本,广东
12,“步步高”主题随想,民族管弦乐,吕文成,,李复斌,CO-BB0005.2017,A3-1,总谱,✓,✓,,,,,,档案盒内4份相同总谱,广东
13,“步步高”主题随想,中西混编管弦乐,吕文成,,李复斌,CO-BB0006.2017,A3-1,总谱 分谱,,✓,,,,,,2019广东卫视春节音乐会,广东
14,“步步高”主题随想,中西混编管弦乐,吕文成,,李复斌,CO-BB0006.2017（2）,A3-1,分谱,,✓,,,,,,与前份相同版本,广东
15,拔根芦柴花,民族管弦乐,江苏民歌,,,CO-BG0007,A3-1,总谱 分谱,,,,,,,,,江苏
16,百花亭闹酒,民族管弦乐,,,卜灿荣,CO-BH0008,A3-1,总谱 简分谱,,,,,,,,,广东
17,百花亭闹酒,民族管弦乐,,,,CO-BH0009,A3-1,简分谱,,,,,,,,,广东
18,百花亭集锦,民族管弦乐,民间乐曲,,李复斌,CO-BH0010.2006,A3-2,总谱,,,,,,,,,广东
19,北京喜讯到边寨,民族管弦乐,郑璐、马洪业,,李复斌,CO-BJ0011.2016,A3-2,总谱,,,,,,,,一份完整 一份仅半,
20,北京喜讯到边寨（少儿版）,民族管弦乐,郑璐、马洪业,,李复斌,CO-BJ0012,A3-2,总谱,✓,✓,,,,,,PDF含线谱与简谱,少儿
21,北京喜讯到边寨（少儿版）,民族管弦乐,郑璐、马洪业,,李复斌,CO-BJ0012.2005,A3-2,总谱,,,,,,,,,少儿
22,北京喜讯到边寨（少儿版）,民族管弦乐,郑璐、马洪业,,李复斌,CO-BJ0012.2025,曲库电脑,总谱,,✓,,,,,,民族管弦乐教程——合奏3,"少儿,民族管弦乐教程"
23,北京喜讯到边寨,民族管弦乐,郑璐、马洪业,,李复斌,CO-BL0013,A3-2,手写总谱,,,,,,,,,
24,弗莱米亚舞曲,民族管弦乐,Jan Blockx（比利时）,,李复斌,CO-BL0014,A3-2,总谱,,,,,,,,,"外国作品,比利时"
25,白毛女序曲,民族管弦乐,,,李复斌,CO-BM0015,A3-2,总谱 分谱,,,,,,,,,"白毛女,经典歌剧"
,白毛女序曲,民族管弦乐,,,李复斌,CO-BM0015,,总谱,,,,,,,,,
,白毛女之四五六,民族管弦乐,,,李复斌,CO-BM0015,,总谱,,,,,,,,,
28,巴山之舞,民族管弦乐,李复斌,,,CO-BS0016,A3-2,总谱,,,,,,,,,李复斌原创
,卜算子-咏梅,民族管弦乐,李复斌,,,CO-BS0017,,总谱 分谱,,,,,,,,,
26,波西米亚舞曲,民族管弦乐,Georges Bizet,,李复斌,CO-BX0017.2010,A3-2,总谱 分谱,,,,,,,,卡门组曲,"外国作品,法国,卡门组曲"
27,波西米亚舞曲,民族管弦乐,Georges Bizet,,李复斌,CO-BX0017.2011,A3-2,总谱,,,,,,,,卡门组曲,"外国作品,法国,卡门组曲"
28,编钟舞曲,民族管弦乐,,,,CO-BZ0018,A3-2,总谱,,,,,,,,,
29,巴山之舞,民族管弦乐,李复斌,,,CO-BS0019,曲库电脑,分谱,✓,✓,,,,,,,李复斌原创
,《白毛女》交响组曲,民族管弦乐,,,李复斌,CO-BM0020,曲库电脑,总谱,,,✓,,,,,1.《序曲》2.窗花舞3.红枣舞4.红头绳5.深仇大恨6.冲出虎口,"白毛女,经典歌剧"
,柏林的空气（短板）,民族管弦乐,,,,CO-BL0021,曲库电脑,总谱 分谱,,,✓,,,,,,
30,草原牧歌雄鹰,民族管弦乐,,,,CO-CY0001.2008,A3-2,总谱 分谱,,,,,,,,（原始版）,
31,草原牧歌雄鹰,民族管弦乐,,,,CO-CY0002,A3-2,总谱 分谱,,,,,,,,（第二版）,
32,草原牧歌雄鹰,民族管弦乐,,,,CO-CY0002.（2）,,总谱 分谱,,,,,,,,另一版,
33,彩云追月,民族管弦乐,任光,汤凯旋,,CO-CY0003.1999,A3-2,简总谱,,,,,,,,中山纪念堂演出,"广东,原版"
34,彩云追月+步步高,民族管弦乐,任光/吕文成,汤凯旋/汤凯旋,,CO-CY0004.2005,A3-2,总谱/简总谱,,,,,,,,,"广东,原版"
35,彩云追月（梁玉嵘）,民族管弦乐,,,,CO-CY0004.2011,A3-2,总谱 分谱,,,,,,,,,"广东,梁玉嵘"
36,彩云追月,民族管弦乐,,,,CO-CY0004.2018,曲库电脑,总谱 分谱,✓,✓,,,,,,,广东
37,彩云追月（混合乐队版）,民族管弦乐,,,,CO-CY0004.2,无,总谱 分谱,,,,,,,,,广东
38,村晓,民族管弦乐,,,,CO-CX0005,A3-3,简分谱,,,,,,,,,
39,长城颂,民族管弦乐,,李复斌,,CO-CC0006.2005,A3-3,简分谱,,,,,,,,,
40,长城颂,民族管弦乐,刘文金,李复斌,,CO-CC0007,A3-3,总谱 分谱,,,✓,,,,,,
41,长城随想曲,民族管弦乐,刘文金,,,CO-CC0008,A3-3,总谱 分谱,,,✓,,,,,,
42,春到沂河,民族管弦乐,王惠然,,,CO-CD0009.2018,A3-3,总谱,,,,,,,,,
43,蝉歌,民族管弦乐,潘耀田,,,CO-CG0010,A3-3,总谱,,,,,,,,,
44,春江花月夜,民族管弦乐,琵琶古曲,秦鹏章  罗忠镕,,CO-CJ0011.2005,A3-3,总谱 简分谱,,,,,,,,,古曲
45,楚宫宴乐,民族管弦乐,,,,CO-CG0012.2005,A3-3,总谱,,,,,,,,湖北省歌剧舞剧民族乐团,湖北
46,春节序曲,民族管弦乐,李焕之,李复斌,,CO-CJ0013.2007,A3-3,总谱 分谱,,,,,,,,,经典作品
47,春节序曲,中西混编管弦乐,李焕之,李复斌,,CO-CJ0013.2020,曲库电脑,总谱 分谱,✓,✓,,,,,,,经典作品
48,春郊试马+得胜令,民族管弦乐,陈德钜,汤凯旋,,CO-CJ0014.2005,A3-3,简总谱+总谱,,,,,,,,2首装订一本存于档案盒,"广东,原版"
49,春郊试马,民族管弦乐,陈德钜,汤凯旋,,CO-CJ0015.2017,A3-3,简总谱,,,,,,,,,"广东,原版"
50,春满羊城,民族管弦乐,何克宁,李复斌,,CO-CM0016.2019,A3-3,总谱,,,,,,,,,广东
51,春满羊城,民族管弦乐,何克宁,黄鼎世,,CO-CM0017.1998,A3-3,简总谱,,,,,,,,,广东
52,春天,民族管弦乐,罗马尼亚民间乐曲,李复斌,,CO-CT0018.2005,A3-3,分谱,,,,,,,,,"外国作品,罗马尼亚"
53,禅院钟声,民族管弦乐,崔蔚林,,李复斌,CO-CY0019.2008,A3-3,分谱 简分谱,,,,,,,,,粤曲
54,潮涌珠江,民族管弦乐,房晓敏,,,CO-CY0020,A3-3,总谱,,,,,,,,,广东
55,春熙-丝桐语,民族管弦乐,李复斌,,,CO-CX0021,曲库电脑,总谱 分谱,✓,✓,,,✓,,,,"广东,李复斌原创"
56,采桑,民族管弦乐,,,,CO-CS0022.2005,,手写简总谱,,,,,,,,,
57,彩云追月,合唱,,李复斌,,CO-CY0023,,总谱,,,,,,,,,广东
58,动感地带（少儿版）,民族管弦乐,李复斌,,,CO-DG0001,A3-4,总谱,,,,,,,,,"李复斌原创,少儿"
59,斗牛士之歌,民族管弦乐,Georges Bizet,,,CO-DN0002.2010,A3-4,总谱 分谱,,,,,,,,卡门组曲。第二版（Introduction to Act Ⅰ）,"外国作品,法国,卡门组曲"
60,灯会,民族管弦乐,蓝程宝,,,CO-DH0003.1991,A3-4,总谱 手写总谱,,,,,,,,,广东
61,得胜令,民族管弦乐,,,李助炘,CO-DS0004,A3-4,手写分谱,,,,,,,,,广东
62,得胜令,民族管弦乐,,,,CO-DS0005,A3-4,分谱,,,,,,,,,广东
63,《大音惠风》大型国乐音画,民族管弦乐,李复斌,,,CO-DY0006.2021,A3-4,总谱 分谱,✓,✓,,,,,,Mv.Ⅰ之1远古惠风、Mv.Ⅱ之2曲五、西湖弦歌、MvⅡ之5曲八、罗浮仙踪,《大音惠风》大型国乐音画
64,《大宅门写意》之“卢沟晓月”,民族管弦乐,赵季平,李复斌,,CO-DZ0007.2008,A3-4,总谱 分谱,,,,,,,,,影视
65,《大宅门写意》之“卢沟晓月”,民族管弦乐,赵季平,李复斌,,CO-DZ0008.2014,A3-4,总谱 分谱,,,,,,,,,影视
66,大寨红花遍地开,民族管弦乐,许镜清,,天津歌舞团民族管弦乐队,CO-DZ0009.2005,A3-4,简总谱,,,,,,,,,天津
67,打虎上山,民族管弦乐,,李复斌,,CO-DH0010.2006,,总谱 分谱,,,,,,,,,京剧
68,“费加罗的婚礼”序曲,民族管弦乐,Mozart,李复斌,,CO-FJ0001.2008,A3-4,总谱 分谱,,,,,,,,Overture to The Marriage of Figaro,外国作品
69,“费加罗的婚礼”序曲,民族管弦乐,Mozart,李复斌,,CO-FJ0001.2008（2）,A3-4,总谱 分谱,,,,,,,,Overture to The Marriage of Figaro,外国作品
70,丰年祭,民族管弦乐,关迺忠,,,CO-FN0002.1983,A3-4,总谱,,,,,,,,,台湾
71,丰收锣鼓,民族管弦乐,彭修文、蔡惠泉,,,CO-FS0003,A3-4,总谱 分谱,,,,,,,,,
72,飞天,民族管弦乐,徐景新、陈大伟,,,CO-FT0004,A3-4,总谱,,,,,,,,,
73,飞天,交响音画,徐景新、陈大伟,,,CO-FT0005.2005,A3-4,简分谱,,,,,,,,,
74,风火围龙屋,民族管弦乐,李复斌,,,CO-FH0006,曲库电脑,总谱 分谱,✓,✓,,,,,,,"广东,客家,李复斌原创"
75,风起岭南,民族管弦乐,李复斌,,,CO-FQ0007,曲库电脑,总谱 分谱,✓,✓,,,,,,,"广东,李复斌原创"
76,共产儿童团歌（革命历史歌曲）,民族管弦乐,,,李复斌,CO-GC0001.2017,A3-5,总谱,,,,,,,,,红歌
77,广东音乐小曲集锦,民族管弦乐,,李复斌,卜灿荣,CO-GD0002.2018,A3-5,总谱,✓,✓,,,,,,百花亭闹酒,广东
78,广东音乐小曲集锦,民族管弦乐,,李复斌,卜灿荣,CO-GD0002.2025,曲库电脑,总谱,✓,✓,,,,,,,广东
79,关东序曲,民族管弦乐,隋利军,,,CO-GD0003,A3-5,总谱,,,,,,,,,东北
80,篝火狂欢夜,民族管弦乐,,,,CO-GH0004,A3-5,分谱,,,,,,,,,云南
81,歌剧魅影,中西混编管弦乐,Lloyd Webber,李复斌,,CO-GJ0005,A3-5,总谱 分谱,,,,,,,,The Phantom Of The Opera,"外国作品,影视"
82,光明行,民族管弦乐,刘天华,,彭修文,CO-GM0006.1982,A3-5,总谱 简分谱,,,,,,,,,
83,高山青,民族管弦乐,高山族民歌,李复斌,,CO-GS0007.2018,A3-5,总谱 分谱,✓,✓,,,,,,,"台湾,影视,歌曲改编"
84,高山青,民族管弦乐,,李复斌,,CO-GS0007.2018（2）,A3-5,总谱 分谱,✓,✓,,,,,,,"台湾,影视,歌曲改编"
85,葛天氏之乐——玄鸟（中型乐队版）,民族管弦乐,李复斌、高鸿祥,,,CO-GT0008.2006.12.20,A3-5,总谱,,,,,,,,,
86,葛天氏之乐——玄鸟,民族管弦乐,李复斌、高鸿祥,,,CO-GT0009.2006.12.29,A3-5,总谱,,,,,,,,,
87,弓舞,民族管弦乐,乔易,,吴朝胜,CO-GW0010,A3-5,总谱 简分谱,,,,,,,,,
88,海滨之歌,民族管弦乐,成田为三,,李复斌,CO-HB0001,A3-6,总谱 分谱,,,,,,,,,"外国作品,日本"
89,火把节,民族管弦乐,王西麟,,李复斌,CO-HB0002,A3-6,分谱,,,,,,,,,
90,黑船,民族管弦乐,法朵·民谣,李复斌,,CO-HC0003,A3-6,总谱,,,,,,,,2017澳门长虹音乐会,"外国作品,葡萄牙"
91,花儿为什么这么红,民族管弦乐,雷振邦,,李复斌,CO-HE0004.2007,曲库电脑,总谱,✓,✓,,,,,,,"影视,歌曲改编,塔吉克"
92,花儿为什么这么红,民族管弦乐,雷振邦,,李复斌,CO-HE0004.2022,A3-6,总谱 分谱,,,,,,,,solo广泛，可合奏可独奏 竹笛、唢呐,"影视,歌曲改编,塔吉克"
93,怀古,民族管弦乐,,,梁军,CO-HG0005.2016,A3-6,总谱,,,,,,,,有头弦solo,
94,花好月圆+月圆曲+喜洋洋,民族管弦乐,黄贻钧/黄锦陪/刘明沅,无/李复斌/无,彭修文/无/无,CO-HH0006,A3-6,简总谱 分谱/总谱/简分谱,,,,,,,,3首总谱装订一本存于档案盒,经典作品
95,花好月圆,民族管弦乐,黄贻钧,,彭修文,CO-HH0006.2005,A3-6,简/线总谱 简/线分谱,,,,,,,,,经典作品
96,花好月圆,民族管弦乐,黄贻钧,,彭修文,CO-HH0007,A3-6,简谱,,,,,,,,仅旋律+伴奏二行谱,经典作品
97,花好月圆,民族管弦乐,黄贻钧,,彭修文,CO-HH0008.2005,A3-6,总谱,,,,,,,,,经典作品
98,花好月圆,民族管弦乐,黄贻钧,,李复斌,CO-HH0008.2017,A3-6,总谱 分谱,✓,✓,,,,,,,经典作品
99,黄河,民族管弦乐,中央乐团集体创作,,李复斌,CO-HH0009,A3-6,总谱,✓,✓,,,,,,第1、2、4乐章,
100,洪湖随想,民族管弦乐,洪湖赤卫队主题音乐,,李复斌,CO-HH0010,A3-6,总谱 分谱,,,,,,,,完整4乐章,"洪湖赤卫队,经典歌剧"
101,洪湖随想,民族管弦乐,洪湖赤卫队主题音乐,,李复斌,CO-HH0010（2）,A3-6,总谱 分谱,,,,,,,,完整4乐章,"洪湖赤卫队,经典歌剧"
102,洪湖随想,民族管弦乐,洪湖赤卫队主题音乐,,李复斌,CO-HH0010（3）,A3-6,总谱 分谱,,,,,,,,第1、2乐章,"洪湖赤卫队,经典歌剧"
103,洪湖随想,民族管弦乐,洪湖赤卫队主题音乐,,李复斌,CO-HH0010（4）,A3-6,总谱 分谱,,,,,,,,第1、3、4乐章,"洪湖赤卫队,经典歌剧"
104,洪湖随想Mv.I,民族管弦乐,洪湖赤卫队主题音乐,,李复斌,CO-HH0010（5）,A3-6,总谱 分谱,✓,✓,,,,,,,"洪湖赤卫队,经典歌剧"
105,洪湖随想Mv.I,民族管弦乐,洪湖赤卫队主题音乐,,李复斌,CO-HH0010（6）,A4-1,总谱,,,,,,,,2份总谱,"洪湖赤卫队,经典歌剧"
106,洪湖随想Mv.II,民族管弦乐,洪湖赤卫队主题音乐,,李复斌,CO-HH0010（7）,A4-1,总谱,,,,,,,,,"洪湖赤卫队,经典歌剧"
107,洪湖随想Mv.III,民族管弦乐,洪湖赤卫队主题音乐,,李复斌,CO-HH0010（8）,A4-1,总谱 分谱,,,,,,,,,"洪湖赤卫队,经典歌剧"
108,洪湖随想Mv.III,民族管弦乐,洪湖赤卫队主题音乐,,李复斌,CO-HH0010（9）,A4-1,总谱 分谱,,,,,,,,,"洪湖赤卫队,经典歌剧"
109,洪湖随想Mv.IV,民族管弦乐,洪湖赤卫队主题音乐,,李复斌,CO-HH0010（10）,A4-1,总谱,,,,,,,,,"洪湖赤卫队,经典歌剧"
110,洪湖随想Mv.IV,民族管弦乐,洪湖赤卫队主题音乐,,李复斌,CO-HH0010（11）,A4-1,分谱,,,,,,,,,"洪湖赤卫队,经典歌剧"
111,洪湖随想,中西混编管弦乐,洪湖赤卫队主题音乐,,李复斌,CO-HH0011.2015,A4-1,总谱 分谱,,,,,,,,,"洪湖赤卫队,经典歌剧"
112,洪湖赤卫队,民族管弦乐,洪湖赤卫队主题音乐,,李复斌,CO-HH0011.2006,A4-1,总谱 分谱,,,,,,,,洪湖水浪打浪,"洪湖赤卫队,经典歌剧"
113,欢乐歌,民族管弦乐,江南丝竹,,,CO-HL0012,A4-1,手写总谱,,,,,,,,台北市立国乐团存谱,江南丝竹
114,火·凤凰,民族管弦乐,李复斌,,,CO-HF0005.2012,A4-1,总谱 分谱,,,,,,,,,李复斌原创
115,“红楼梦”序曲,民族管弦乐,王立平,李复斌,,CO-HL0013（1）.2011,A4-1,总谱,,,,,,,,,"红楼梦,影视"
116,“红楼梦”序曲,民族管弦乐,王立平,李复斌,,CO-HL0013（1）.2017,A4-1,总谱,,,,,,,,,"红楼梦,影视"
117,“红楼梦”枉凝眉,民族管弦乐,王立平,李复斌,,CO-HL0013（8）,A4-1,总谱,✓,✓,,,,,,,"红楼梦,影视"
118,“红楼梦”葬花吟,民族管弦乐,王立平,李复斌,,CO-HL0013（15）,A4-1,总谱,,,,,,,,,"红楼梦,影视"
,红楼梦组曲,民族管弦乐,王立平,李复斌,,CO-HL0014,曲库电脑,总谱,,,✓,,,,,,
119,红棉礼赞,民族管弦乐,无,无,无,CO-HM0014,A4-1,总谱 分谱,,,,,,,,,广东
120,红梅赞,民族管弦乐,无,无,无,CO-HM0015,A4-1,总谱,,,,,,,,,"江姐,经典歌剧"
121,虎门恨,民族管弦乐,何滋浦,张珠,,CO-HM0016,A4-1,简总谱 简分谱,,,,,,,,,广东
122,红旗颂,民族管弦乐,吕其明,,李复斌,CO-HQ0017,A4-2,简分谱,,,,,,,,,红歌
123,红旗颂（儿童版）,民族管弦乐,吕其明,,李复斌,CO-HQ0017.2022,曲库电脑,总谱 分谱,✓,✓,,,,,,,"少儿,红歌"
124,好日子,民族管弦乐,李昕,,,CO-HR0018,A4-2,总谱,,,,,,,,可独奏,歌曲改编
125,红山茶（片段）,民族管弦乐,无,无,无,CO-HR0019,A4-2,总谱 分谱,,,,,,,,,云南
126,护士之歌,民族管弦乐,无,无,无,CO-HS0020,A4-2,总谱 分谱,,,,,,,,电声,"外国作品,朝鲜"
127,“红色娘子军”组曲,民族管弦乐,吴祖强,, 李复斌,CO-HS0021,A4-2,总谱,,,,,,,,组曲第1～6首全,"红色娘子军,经典歌剧"
128,“红色娘子军”组曲,民族管弦乐,吴祖强,, 李复斌,CO-HS0021（2）,A4-2,总谱,,,,,,,,仅组曲第1、3、5首,"红色娘子军,经典歌剧"
129,“红色娘子军”组曲,民族管弦乐,吴祖强,, 李复斌,CO-HS0021（3）,A4-2,分谱,,,,,,,,仅组曲第1、3、4、5、6首,"红色娘子军,经典歌剧"
130,“红色娘子军”快乐的女战士,民族管弦乐,吴祖强,, 李复斌,CO-HS0021（4）,A4-2,总谱 分谱,,,,,,,,仅组曲第3首,"红色娘子军,经典歌剧"
131,“红色娘子军”组曲,民族管弦乐,吴祖强,, 李复斌,CO-HS0021（5）,曲库电脑,总谱 分谱,✓,✓,,,,,,仅组曲第1-5首,"红色娘子军,经典歌剧"
132,旱天雷,民族管弦乐,,,严老烈,CO-HT0022,A4-2,总谱 分谱,,,,,,,,,广东
133,旱天雷,民族管弦乐,,,李复斌,CO-HT0022.2007,A4-2,总谱 分谱,,,,,,,,,广东
134,旱天雷,民族管弦乐,李复斌,,,CO-HT0022.2009,A4-2,总谱 分谱,,,,,,,,,广东
135,旱天雷,民族管弦乐,严老烈,,李复斌,CO-HT0022.2018,A4-2,总谱,✓,✓,,,,,,,广东
136,旱天雷,民族管弦乐,严老烈,,李复斌,CO-HT0022.2018,A4-2,总谱 分谱,,,,,,,,,广东
137,旱天雷（长版）,民族管弦乐,严老烈,,李复斌,CO-HT0022.2021,曲库电脑,总谱 分谱,✓,✓,,,,,,,广东
138,海峡情思（广东音乐）,民族管弦乐,刘国强,刘国强,,CO-HX0023,A4-2,手写简总谱,,,,,,,,,广东
139,红星闪闪,民族管弦乐,,,,CO-HX0024,A4-2,总谱,,,,,,,,,
140,徽乐三景,民族管弦乐,李复斌,,,CO-HY0025.2024,A4-2,总谱,✓,✓,,,,,,,安徽
141,徽乐长风（组曲）,民族管弦乐,李复斌,,,CO-HY0026,A4-2,总谱,,,,,,,,Mv Ⅰ黄山日出、Mv Ⅲ 龙舟,安徽
142,海韵,民族管弦乐,古月,李复斌,,CO-HY0027,A4-3,总谱 分谱,,,,,,,,,"歌曲改编,邓丽君"
143,荒野七侠,民族管弦乐,ELMER BERNSTEIN（美）,,李复斌,CO-HY0028.2008,A4-3,总谱 分谱,,,✓,,,,,,"外国作品,影视"
144,荒野七侠,民族管弦乐,ELMER BERNSTEIN（美）,,李复斌,CO-HY0028.2008(2),A4-3,总谱 分谱,,,,,,,,,"外国作品,影视"
145,荒野七侠,民族管弦乐,ELMER BERNSTEIN（美）,,李复斌,CO-HY0028.2008(3),A4-3,总谱 分谱,,,,,,,,,"外国作品,影视"
146,荒野七侠,民族管弦乐,ELMER BERNSTEIN（美）,,李复斌,CO-HY0028.2013,A4-3,总谱,,,,,,,,,"外国作品,影视"
147,荒野七侠,民族管弦乐,ELMER BERNSTEIN（美）,,李复斌,CO-HY0028.2015,A4-3,总谱,,,,,,,,,"外国作品,影视"
148,花朝月夕,民族管弦乐,房晓敏,,,CO-HZ0029.2013,A4-3,总谱,,,,,,,,,广东
149,花之歌——花儿为什么这样红,民族管弦乐,,,,CO-HZ0030,A4-3,总谱,,,,,,,,,"影视,歌曲改编,塔吉克"
150,寒鸦戏水,民族管弦乐,,,李复斌,CO-HY0031,A4-3,总谱,,,,,,,,,"广东,潮州音乐"
151,火凤凰,民族管弦乐,李复斌,,,CO-HF0032.2012,A4-3,总谱 分谱,,,,,,,,,李复斌原创
152,河北花梆子,民族管弦乐,,闫绍一,李恒,CO-HB0033,A4-3,总谱,,,,,,,,,河北
153,红楼梦之序曲,民族管弦乐,王立平,李复斌,,CO-HL0034,A4-3,总谱 分谱,,,,,,,,,"红楼梦,影视"
,欢乐颂,民族管弦乐,贝多芬,李复斌,,CO-HL0035.2025,曲库电脑,总谱,,✓,,,,,,,"2025教材,2级,外国作品,德国"
154,《基础民族管弦乐谱》应用乐谱上篇,民族管弦乐,,,,CO-JC0001,A4-4,简谱,,,,,,,,,书籍
155,《基础民族管弦乐谱》基础练习篇,民族管弦乐,,,,CO-JC0002,A4-4,简谱,,,,,,,,,书籍
156,九儿,民族管弦乐,阿鲲,,,CO-JE0003.2023,A4-4,总谱 分谱,✓,✓,,,,,,solo广泛可合奏可独奏：二胡 竹笛 唢呐与民族管弦乐,"影视,歌曲改编"
157,教父的爱,民族管弦乐,,,李复斌,CO-JF0004.2007,A4-4,总谱 分谱,,,,,,,,The Goldfather,"外国作品,影视"
158,教父的爱,民族管弦乐,,,李复斌,CO-JF0004.2008,A4-4,总谱 分谱,,,,,,,,The Goldfather,"外国作品,影视"
159,屈原：《九歌》之“东皇太一”（祭祀乐）第二版,民族管弦乐,李复斌,,,CO-JG0005.2010,A4-4,总谱 分谱,,,,,,,,,李复斌原创
160,橘红飘香,民族管弦乐,,,,CO-JH0006.2015,A4-4,总谱 分谱,,,,,,,,,广东
161,江河云梦,民族管弦乐,梁云江,,,CO-JH0007,A4-4,分谱,,,,,,,,,
162,将军令（广东汉乐）,民族管弦乐,,,,CO-JJ0008.2005,A4-4,手写总谱,✓,✓,,,,,,,"广东,广东汉乐"
163,将军令（广东汉乐合奏）,民族管弦乐,,,李复斌,CO-JJ0008.2006,A4-4,总谱 分谱,,,,,,,,,"广东,广东汉乐"
164,将军令（广东汉乐合奏）,民族管弦乐,,,李复斌,CO-JJ0008.2006（2）,A4-4,总谱 分谱,,,,,,,,,"广东,广东汉乐"
165,将军令（古曲）,民族管弦乐,,,顾冠仁,CO-JJ0009,A4-4,总谱,,,,,,,,,
166,江姐组曲,民族管弦乐,羊鸣 姜春阳 金砂,丁家琳,,CO-JJ0010,A4-4,分谱,,,,,,,,第1-8乐章,"江姐,经典歌剧"
,配乐朗诵《将进酒》,民族管弦乐,李复斌,,,CO-JJ0011,曲库电脑,总谱 分谱,✓,✓,,,,,,,
167,加勒比海盗,民族管弦乐,Klaus Badelt,,李复斌,CO-JL0011.2010,A4-4,总谱 分谱,,✓,✓,,,,,PIRATES of the CARIBBEAN,"外国作品,影视"
168,加勒比海盗,民族管弦乐,Klaus Badelt,,李复斌,CO-JL0011.2010(2),A4-4,总谱 分谱,,✓,✓,,,,,PIRATES of the CARIBBEAN,"外国作品,影视"
169,旧梦不须记,民族管弦乐,黄沾,李复斌,,CO-JM0012.2011,A4-5,总谱 分谱,,,,,,,,,歌曲改编
170,江南好,民族管弦乐,,李复斌,,CO-JN0013.2005,A4-5,总谱 分谱,,,,,,,,,江南丝竹
171,江南风韵（2001改编）,民族管弦乐,,,,CO-JN0014.2001,A4-5,总谱,,,,,,,,solo广泛可合奏可独奏：曲笛 二胡 古筝三重奏与乐队,江南丝竹
172,节庆欢舞,民族管弦乐,卢亮辉,,,CO-JQ0015,A4-5,总谱,,,,,,,,,
173,金蛇狂舞,民族管弦乐,,李复斌,聂耳,CO-JS0016,A4-5,总谱 分谱,,,,,,,,,经典作品
174,锦上添花,民族管弦乐,,,梁军,CO-JS0017.2017,A4-5,总谱,,,,,,,,,
175,江山多娇（无歌词）,民族管弦乐与合唱,陈述刘,李复斌,,CO-JS0018,,总谱 分谱,,,,,,,,,歌曲改编
,江山多娇（无歌词）,民族管弦乐与合唱,陈述刘,李复斌,,CO-JS0018,,总谱 分谱,,,,,,,,,
,金蛇辞旧马踏春,民族管弦乐,李复斌,,,CO-JS0019.2025,曲库电脑,总谱 分谱,✓,✓,,,✓,,,mm. 1-104金蛇狂舞+mm. 123-246赛马（黄海怀）,经典作品
176,孔雀开屏,民族管弦乐,何大傻,汤凯旋,,CO-KQ00001,A4-5,手写总谱,,,,,,,,广东音乐合奏，李复斌整理,广东
177,开场曲,民族管弦乐,,,,CO-KC0002,A4-5,总谱,,,,,,,,,
178,快乐的啰嗦,中西混编管弦乐,彝族民歌,李复斌,,CO-KL0003.,A4-5,总谱,,,,,,,,,"四川,彝族民歌"
179,快乐的啰嗦,民族管弦乐,彝族民歌,,李复斌,CO-KL0003.2020,A4-5,总谱 分谱,✓,✓,,,,,,,"四川,彝族民歌"
180,卡门组曲NO.2间奏曲,民族管弦乐,Georges Bizet,李复斌,,CO-KM0004.2021,A4-5,总谱,,,,,,,,李复斌收藏音乐作品系列,"外国作品,法国,卡门组曲"
181,龙船调,民族管弦乐,,,李复斌,CO-LC0001,A4-5,总谱 分谱,,,,,,,,,湖北
182,拉德斯基进行曲,民族管弦乐,Johann Strauss,,李复斌,CO-LD0002,A4-5,总谱,,,,,,,,,"外国作品,奥地利"
183,拉德斯基进行曲,民族管弦乐,Johann Strauss,顾冠仁,,CO-LD0003,A4-5,简分谱,,,,,,,,,"外国作品,奥地利"
184,拉德斯基进行曲（短版）,民族管弦乐,Johann Strauss,,李复斌,CO-LD0003,曲库电脑,总谱 分谱,✓,✓,✓,,,,,,"外国作品,奥地利"
185,岭南音诗,民族管弦乐,李复斌,,,CO-LN0004.2023,A4-6,总谱,,,,,,,,中国管弦乐交响诗,"广东,李复斌原创"
186,岭南长风,民族管弦乐,李复斌,,,CO-LN0005.2019,A4-6,总谱,,,,,,,,,"广东,李复斌原创"
187,“鲁斯兰与柳德米拉”序曲,民族管弦乐,格林卡（俄）,,李复斌,CO-LS0006,A4-6,总谱 分谱,,,,,,,,Russlan and Ludmilla,"外国作品,俄罗斯"
188,“鲁斯兰与柳德米拉”序曲,民族管弦乐,格林卡（俄）,,李复斌,CO-LS0007,A4-6,总谱,,,,,,,,Russlan and Ludmilla 第二版,"外国作品,俄罗斯"
189,浪淘沙,民族管弦乐,潮州民间乐曲,,李复斌,CO-LT0008.2002,A4-6,总谱,,,,,,,,,"广东,潮州音乐"
190,浪淘沙（潮州音乐合奏）根据同名潮州音乐改编,民族管弦乐,李复斌,,,CO-LT000910.2008,A4-6,总谱 分谱,,,,,,,,,"广东,潮州音乐"
191,龙腾虎跃,民族管弦乐,李民雄,,,CO-LT00101,A4-6,手写总谱 简分谱,,,,,,,,,经典作品
192,龙腾虎跃,民族管弦乐,李民雄,李复斌,李复斌,CO-LT0011.2005,A4-6,总谱,,,,,,,,,经典作品
193,龙腾虎跃,民族管弦乐,李民雄,李复斌,李复斌,CO-LT0011.2009,A4-6,总谱 分谱,,,,,,,,,经典作品
194,龙腾虎跃,民族管弦乐,,,,CO-LT0011.2015,A4-6,总谱,,,,,,,,,经典作品
195,龙腾虎跃,民族管弦乐,李民雄,李复斌,李复斌,CO-LT0011.2018,A4-6,简/线总谱 简/线分谱,✓,✓,,,,,,,经典作品
196,良宵,民族管弦乐,刘天华,李复斌,,CO-LX0012,A4-6,总谱,,,,,,,,,
197,乱云飞,民族管弦乐,根据革命现代京剧《杜鹃山》同名唱段改编,,彭修文,CO-LY0013,A4-6,简总谱,,,,,,,,,京剧改编
198,两只老虎（少儿版）,民族管弦乐,法国童谣,,李复斌,CO-LZ0014,A4-6,总谱,,,,,,,,,"外国作品,法国,少儿"
199,黎族舞曲,民族管弦乐,,,,CO-LZ0015,A4-6,总谱 分谱,,,,,,,,,海南
200,荔枝颂,民族管弦乐,粤语歌曲,李复斌,李复斌,CO-LZ0016,A4-6,总谱 分谱,,,,,,,,,"广东,粤曲"
,落雨大,民族管弦乐,广东童谣,,李复斌,CO-LY0017.2025.12.29,电子曲库,总谱 分谱,✔️,✔️,,,,,,民族乐队、民族管弦乐伴奏版、女生合唱,
201,马刀舞曲,民族管弦乐,哈恰图良（俄）,李复斌,,CO-MD0001,B3-1,总谱 分谱,,,,,,,,,"外国作品,俄罗斯"
202,马刀舞曲（扩展版）,民族管弦乐,哈恰图良（俄）,,李复斌,CO-MD0002.2021,B3-1,总谱,✓,✓,,,,,,,"外国作品,俄罗斯"
203,马灯调,民族管弦乐,宁波民间歌曲,,李复斌,CO-MD0003,B3-1,总谱,,✓,,,,,,,宁波
204,穆桂英挂帅,民族管弦乐,,,杨培贤,CO-MG0004,B3-1,总谱,,,,,,,,,京剧改编
205,梅花三弄,民族管弦乐,,,,CO-ML0005,B3-1,总谱,,,,,,,,合谱：琴箫  演奏：吴景略  记谱：许健,古曲
206,马里奥兄弟组曲,民族管弦乐,,,陈家荣,CO-ML0006,B3-1,总谱,,,,,,,,,"外国作品,游戏"
207,茉莉花,民族管弦乐,江苏民歌,,,CO-ML0007,B3-1,总谱 分谱,,,,✓,,,,,江苏
208,苗山夜,民族管弦乐,李复斌,,,CO-MS0008,B3-1,总谱,,,,,,,,,李复斌原创
209,民族乐队合奏练习曲集,民族管弦乐,,,,CO-MZ0009,B3-1,总谱 分谱,,,,,,,,不完整总谱，完整分谱,书籍
210,梦正圆,民族管弦乐,,,,CO-MZ0010,B3-1,总谱 分谱,,,,,,,,,
211,莫扎特主题随想,民族管弦乐,,,,CO-MZ0011,B3-1,总谱 分谱,,,✓,,,,,,外国作品
212,鸟投林,民族管弦乐,,李复斌,,CO-NT0001.1998,B3-1,总谱,,,,,,,,,广东
213,南粤忆事,民族管弦乐,,,,CO-NY0002,B3-1,总谱,✓,✓,,,,,,配乐朗诵,广东
214,南粤忆事（民族交响叙事诗）,民族管弦乐,李复斌,,,CO-NY0002.2000,B3-1,总谱 分谱,,,,,,,,,"广东,李复斌原创"
215,南粤忆事（民族交响叙事诗）,民族管弦乐,李复斌,,,CO-NY0002.2012,B3-1,总谱 分谱,,,,,,,,,"广东,李复斌原创"
216,南粤忆事（中国管弦乐交响诗）,民族管弦乐,李复斌,,,CO-NY0002.2023,B3-1,总谱,,,,,,,,,"广东,李复斌原创"
217,"Overture to ""candide""",民族管弦乐,Leonard Bernstein,,,CO-OT0001,,总谱,,,,,,,,,"外国作品,美国,轻歌剧"
218,平湖秋月,民族管弦乐,李复斌,,,CO-PH0001.2008,B-3-2,总谱 分谱,,,,,,,,solo广泛可合奏可独奏：高胡 洞箫 古筝与合唱,"广东,李复斌原创"
219,平湖秋月,民族管弦乐,吕文成,,李复斌,CO-PH0001.2009,B-3-2,总谱,,,,,,,,,广东
220,平湖秋月,民族管弦乐,吕文成,,李复斌,CO-PH0001.2011,曲库电脑,总谱,,,✓,,,,,2011出版岭南音乐,广东
221,平湖秋月,民族管弦乐,吕文成,,李复斌,CO-PH0001.2013,曲库电脑,总谱,,,✓,,,,,,广东
222,平湖秋月,民族管弦乐,吕文成,,李复斌,CO-PH0001.2016,B-3-2,分谱,,,,,,,,,广东
223,平湖秋月,民族管弦乐,吕文成,,李复斌,CO-PH0001.2016.12,B-3-2,总谱 分谱,,,,,,,,,广东
224,平湖秋月,民族管弦乐,吕文成,,李复斌,CO-PH0001.2020,曲库电脑,总谱,,✓,,,,,,,广东
225,平沙落雁（潮州传统乐曲）,民族管弦乐,,,黄唯奇 陈博,CO-PS0002,B-3-2,手写简总谱,,,,,,,,,"广东,潮州音乐"
226,平沙落雁（据《蕉庵琴谱》1864年）,民族管弦乐,,,,CO-PS0003,B-3-2,总谱,,,,,,,,演奏：张子谦 记谱：许健,"广东,潮州音乐"
227,破阵乐,民族管弦乐,李复斌,,,CO-PZ0004,曲库电脑,总谱 分谱,✓,,,,,,,,李复斌原创
228,庆典序曲,民族管弦乐,赵季平,,,CO-QD0001,B-3-2,总谱 分谱,,,,,,,,,经典作品
229,《情歌中国》MrⅢ之一二三,民族管弦乐,李复斌,,,CO-QG0002.2010,B-3-2,总谱,✓,✓,,,,,,"""巴蜀山水画""、“巴蜀风俗画”、“女儿情话” 
仅“女儿情话”有电子档",歌曲改编
230,清明上河图——商队图,民族管弦乐,史志有,,,CO-QM0003,B-3-2,总谱,,,,,,,,,清明上河图
231,清明上河图——纤夫图,民族管弦乐,史志有,,,CO-QM0003,B-3-2,手写总谱 打印总谱,,,,,,,,,清明上河图
232,清明上河图——迎客图,民族管弦乐,史志有,,,CO-QM0003,B-3-2,手写总谱,,,,,,,,,清明上河图
233,清明上河图——盛世图（乐队版）,民族管弦乐,史志有,,,CO-QM0003.2015,B-3-2,手写总谱,,,,,,,,,清明上河图
234,秋影月弄,民族管弦乐,,,,CO-QY0004,B-3-2,总谱 分谱,,,,,,,,,
235,情醉珠江,民族管弦乐,黄德兴,,李复斌,CO-QZ0005,B-3-2,总谱 分谱,,,,,,,,,广东
,青青思念,李博禅,,,,CO-QQ0006.2021,曲库电脑,总谱,✓,,,,,,,,
236,人生悟,民族管弦乐,道教音乐,李复斌,,CO-RS0001.2018,B-3-3,总谱,,,,,,,,,道教音乐
237,沙迪尔传奇（维吾尔音诗）,民族管弦乐,刘湲,,,CO-SD0001,B-3-3,总谱 分谱,,,,,,,,,新疆
238,山东小开门,民族管弦乐,,,,CO-SD0002,B-3-3,手写简总谱,,,,,,,,,山东
239,苏尔维格之歌（Solvejgs Lied),民族管弦乐,,李复斌,,CO-SE0004.2005,B-3-3,总谱 分谱,,,,,,,,,"外国作品,挪威"
240,赛龙夺锦,民族管弦乐,何柳堂,汤凯旋,,CO-SL0005.1999,B-3-3,手写简总谱,,,,,,,,,广东
241,赛龙夺锦(鼓乐大合奏）,民族管弦乐,何柳堂,,李复斌,CO-SL0005.2004,B-3-3,总谱 分谱,,,,,,,,,广东
242,赛龙夺锦(鼓乐大合奏）,民族管弦乐,何柳堂,,李复斌,CO-SL0005.2004（2）,B-3-3,分谱,,,,,,,,,广东
243,赛龙夺锦(鼓乐大合奏）,民族管弦乐,何柳堂,,李复斌,CO-SL0005.2004（3）,B-3-3,简分谱,,,,,,,,,广东
244,赛龙夺锦(广东鼓乐合奏）,民族管弦乐,何柳堂,,李复斌,CO-SL0005.2016,B-3-3,总谱,✓,,,,,,,,广东
245,赛龙夺锦（混合乐队管弦乐）,民族管弦乐,何柳堂,,李复斌,CO-SL0005.2017,B-3-3,总谱 分谱,,,,,,,,,广东
246,赛龙夺锦（小乐队）,民族管弦乐,何柳堂,,李复斌,CO-SL0005.2020,B-3-3,总谱,,,,,,,,,广东
247,赛龙夺锦（小乐队）,民族管弦乐,何柳堂,,李复斌,CO-SL0005.2021,B-3-3,总谱,,,,,,,,,广东
248,赛龙夺锦（民乐合奏）,民族管弦乐,何柳堂,,李复斌,CO-SL0005,B-3-3,简总谱,✓,✓,,,,,,,广东
249,赛龙夺锦（大合奏）,民族管弦乐,陈葆坤,,,CO-SL0005,B-3-3,手写总谱,,,,,,,,,广东
250,斯拉夫舞曲No.8选段一,民族管弦乐,勃拉姆斯,李复斌,,CO-SL0006.2005,C3-1,手写总谱,,,,,,,,,"外国作品,德国"
251,斯拉夫舞曲,民族管弦乐,勃拉姆斯,李复斌,,CO-SL0006.2005,C3-1,总谱 分谱,,,,,,,,SLAVONIC DANCES No.10 Op.72,"外国作品,德国"
252,“萨朗回响”（大乐队版）央视版,民族管弦乐,李复斌,,,CO-SL0007,C3-1,总谱,✓,,,,,,,中国风俗器乐——来自羌族文化的记忆。分谱PDF仅弹拨乐合奏声部,李复斌原创
253,萨朗回响,民族管弦乐,李复斌,,,CO-SL0007,C3-1,总谱,,,,,,,,,李复斌原创
254,赛马,民族管弦乐,,,,CO-SM0008,C3-1,简分,,,,,,,,,经典作品
255,赛马（北方民族生活素描 ）,民族管弦乐,刘锡津,,,CO-SM0009,C3-1,总谱,,,,,,,,,
256,抒情变奏曲,民族管弦乐,刘长远,,,CO-SQ0010,C3-1,总谱,,,,,,,,,
257,生日歌Happy Birthday,民族管弦乐,,李复斌,,CO-SR0011,C3-1,总谱 分谱,,,,,,,,,"外国作品,节日"
258,塞山铁骑（合奏）,民族管弦乐,,郭志刚,,CO-SS0012.2005,C3-1,总谱,,,,,,,,,
259,山之风,民族管弦乐,李复斌,,,CO-SZ0013,C3-1,总谱 分谱,✓,✓,,,,,,线谱、简谱皆有PDF与sib,李复斌原创
260,山寨之夜,民族管弦乐,李复斌,,,CO-SZ0014,C3-1,总谱,,,,,,,,,李复斌原创
261,山寨之夜,民族管弦乐,李复斌,,,CO-SZ0014,C3-1,分谱,,,,,,,,,李复斌原创
262,狮子王Mv.2掠夺,民族管弦乐,英尔顿·约翰（英）Elton John,,李复斌,CO-SZ0015.2017,C3-1,总谱,,,,,,,,,"外国作品,影视"
263,四季岭南（全套）,民族管弦乐,李复斌,,,CO-SJ0016,曲库电脑,总谱 分谱,✓,✓,,,,,,两首序曲+8首,"广东,李复斌原创"
264,斯拉夫舞曲No.10 Op72,民族管弦乐,勃拉姆斯,李复斌,,CO-SL0006.2005,C3-1,总谱 分谱,,,,,,,,SLAVONIC DANCES No.10 Op.72,"外国作品,德国"
265,狮子王Mv.1-5,民族管弦乐,英尔顿·约翰（英）Elton John,李复斌,,CO-SZ0018,,总谱 分谱,,,,,,,,,"外国作品,影视"
266,赛龙夺锦,民族管弦乐,何柳堂,李复斌,,CO-SL0019,,总谱 手写简总谱,,,,,,,,,广东
,山鹰之歌,民族管弦乐,丹尼埃尔 阿洛米亚 罗布莱斯,李复斌,,CO-SY0020.2025,曲库电脑,总谱,,✓,,,,,,,"2025教材,2级,外国作品,秘鲁"
267,土楼风火,民族管弦乐,,,,CO-TL0001,C3-2,总谱 分谱,,,,,,,,,广东
268,太阳颂,民族管弦乐,王丹红,,,CO-TY0002,C3-2,总谱,,,,,,,,第三乐章思念、第四乐章太阳颂,重庆
269,五哥放羊,民族管弦乐,山西民歌,李复斌,,CO-WG0001,C3-2,总谱 分谱,,,,,,,,,山西
270,晚会,民族管弦乐,贺绿汀,,周仲康,CO-WH0002,C3-2,简总谱,,,,,,,,,
271,万绿山水（民乐七重奏）,民族管弦乐,房晓敏,,,CO-WL0003.2018,C3-2,总谱,,,,,,,,,广东
272,万年欢,民族管弦乐,刘汉林,,李家华,CO-WN0004,C3-2,手写总谱,,,,,,,,,山东
273,维吾尔音诗,民族管弦乐,刘湲,,,CO-WW0005,C3-2,总谱,,,,,,,,,新疆
274,午夜的萨克斯,民族管弦乐,,,梁军,CO-WY0006,C3-2,总谱,,,,,,,,,外国作品
275,王者荣耀Mv Ⅰ王者荣耀,民族管弦乐,,,李复斌,CO-WZ0007.2013,C3-2,总谱,✓,✓,,,,,,同档案盒,游戏
276,王者荣耀Mv Ⅱ王者雪魄,民族管弦乐,,,李复斌,CO-WZ0007.2022,C3-2,总谱,✓,✓,,,,,,,游戏
277,西北组曲,民族管弦乐,谭盾,,,CO-XB0001,B4-1,总谱,,,,,,,,,西北
278,新春乐（经典民族乐曲）,民族管弦乐,,,黎俊平,CO-XC0002,B4-1,总谱,,,,,,,,,"河北,经典作品"
279,新疆情歌三首,民族管弦乐,新疆哈萨克族民歌,,丁家琳,CO-XJ0003,B4-1,总谱,,,,,,,,美丽的姑娘、草原之夜、马车夫之歌,"歌曲改编,新疆"
280,新疆歌曲组曲,民族管弦乐,,,顾冠仁,CO-XJ0004,B4-1,总谱 分谱,,,,,,,,,"歌曲改编,新疆"
281,闲聊波尔卡,民族管弦乐,Johann Strauss,李复斌,,CO-XL0005,B4-1,总谱 分谱,,,,,,,,,"外国作品,奥地利"
282,序曲（党建90周年）,民族管弦乐,,,,CO-XQ0006,B4-1,总谱,,,,,,,,,
283,序曲（党建90周年）,民族管弦乐,,,,CO-XQ0006（2）,B4-1,总谱 分谱,,,,,,,,,
284,喜庆丰收年,民族管弦乐,王高林,,李复斌,CO-XQ0007.2010,B4-1,总谱 分谱,,,,,,,,,
285,醒狮起舞（交响序曲）,民族管弦乐,杨晓,,,CO-XS0008.2012,B4-1,总谱 分谱,,,,,,,,,广东
286,醒狮·龙舟,民族管弦乐,李复斌,,,CO-XS0009.2014,B4-1,总谱 分谱,,,,,,,,,广东
287,醒狮·龙舟,民族管弦乐,李复斌,,,CO-XS0009.2015,B4-1,总谱,,,,,,,,,广东
288,醒狮·龙舟,民族管弦乐,李复斌,,,CO-XS0009.2016,B4-1,总谱,,,,,,,,,广东
289,醒狮·龙舟,民族管弦乐,李复斌,,,CO-XS0009.2017,B4-1,总谱,,,,,,,,,广东
290,醒狮·龙舟,民族管弦乐,李复斌,,,CO-XS0009.2021,B4-1,总谱,✓,✓,,,,,,,广东
291,醒狮·龙舟,民族管弦乐,,,,CO-XS0009,B4-2,总谱 分谱,,,,,,,,,广东
292,醒狮·龙舟,民族管弦乐,,,,CO-XS0009,B4-2,总谱,,,,,,,,,广东
293,醒狮·龙舟（混编管弦乐）,民族管弦乐,李复斌,,,CO-XS0009,B4-2,总谱 分谱,,,,,,,,,广东
294,匈牙利舞曲No.5,民族管弦乐,勃拉姆斯,顾冠仁,,CO-XY0010.1999,B4-2,手写总谱 手写简分谱,,,,,,,,,"外国作品,德国"
295,匈牙利舞曲第五号,民族管弦乐,勃拉姆斯,,李复斌,CO-XY0011.2019,B4-2,总谱,✓,✓,,,,,,,"外国作品,德国"
296,响宴,民族管弦乐,喜多郎（日）,,李复斌,CO-XY0012.2008,B4-2,总谱 分谱,✓,✓,✓,,,,,,"外国作品,日本"
297,新春锣鼓,民族管弦乐,陈葆坤,,,CO-XC0013,B4-2,总谱,,,,,,,,,广东
298,月光光·照羊城,民族管弦乐,广东童谣,,李复斌,CO-YG0001.2019,B4-2,分谱,,,,,,,,,"广东,童谣"
299,月光,民族管弦乐,,李复斌,,CO-YG0002.2000,B4-2,总谱 分谱,,,,,,,,,
300,粤港澳三首联奏,民族管弦乐,,,梁军,CO-YG0003,B4-2,总谱,,,,,,,,,"广东,歌曲改编"
301,玉龙图腾·火凤凰,民族管弦乐,李复斌,,,CO-YL0004.2024,B4-2,总谱,,,,,,,,,李复斌原创
302,娱乐升平（合奏）,民族管弦乐,李复斌,,,CO-YL0005.2008,B4-2,总谱 分谱,,,,,,,,,广东
303,娱乐升平（合奏）,民族管弦乐,李复斌,,,CO-YL0005.2008(2),B4-2,总谱 分谱,,,,,,,,,广东
304,娱乐升平（民族管弦乐）,民族管弦乐,丘鹤俦,,李复斌,CO-YL0005.2017,B4-3,总谱,✓,✓,,,,,,,广东
305,娱乐升平（民族管弦乐）,中西混编管弦乐,丘鹤俦,,李复斌,CO-YL0005.2020,B4-3,总谱,✓,✓,,,,,,,广东
306,曲四、娱乐升平,民族管弦乐,李复斌,,,CO-YL0005,B4-3,总谱,,,,,,,,,广东
307,娱乐升平（粤茶·娱乐升平）,民族管弦乐,李复斌,,,CO-YL0005.2022,B4-3,总谱,✓,✓,,,,,,,广东
308,云南风情,民族管弦乐,关乃忠,,李复斌,CO-YN0006,B4-3,总谱 分谱,,,,,,,,第一乐章《过山调》、第二乐章《夜歌》、第三乐章《闹元宵》,云南
309,云南音诗——火把节,民族管弦乐,王西麟,,李复斌,CO-YN0007,B4-3,总谱,,,,,,,,,云南
310,云南音诗——火把节（第二版）,民族管弦乐,王西麟,,李复斌,CO-YN0007,B4-3,总谱 分谱,,,,,,,,,
,云南音诗——火把节,民族管弦乐,王西麟,,李复斌,CO-YN0007.2025,曲库电脑,总谱 分谱,✓,✓,,,,,,,
311,夜深沉,民族管弦乐,吴华,,,CO-YS0008,B4-3,总谱,,,,,,,,,京剧曲牌
312,影视歌曲四首,民族管弦乐,,,李复斌,CO-YS0009.2019,B4-3,总谱,,,,,,,,电视剧《公关小姐》之奉献、蓝精灵之歌、电影《建国大业》之追寻、《我爱你·中国》,"影视,歌曲改编"
313,影视歌曲四首,民族管弦乐,,,李复斌,CO-YS0009.2019（2）,B4-3,总谱 分谱,,,,,,,,电视剧《公关小姐》之奉献、蓝精灵之歌、电影《建国大业》之追寻、《我爱你·中国》,"影视,歌曲改编"
314,迎仙客（广东汉乐）,民族管弦乐,,,李复斌,CO-YX0010,B4-3,总谱 分谱,,,,,,,,,"广东,广东汉乐"
315,月圆曲（广东汉乐合奏）,民族管弦乐,李复斌,,,CO-YY0011.2010,B4-3,总谱,,,,,,,,,"广东,广东汉乐"
,月圆曲（广东音乐）,民族管弦乐,李复斌,,,CO-YY0011.2025,曲库电脑,总谱,,✔️,,,,,,,
316,粤韵 茶韵 西关风情,民族管弦乐,李复斌,,,CO-YY0012.2009,B4-3,总谱 分谱,,,,,,,,,广东
317,渔舟凯歌,民族管弦乐,浙江歌舞团,,中央乐团,CO-YZ0013,C4-1,手写总谱 手写简分谱,,,,,,,,,浙江
318,瑶族舞曲,民族管弦乐,刘铁山 茅沅,李复斌,,CO-YZ0014,C4-1,总谱 简总谱,,,,,,,,总谱缺第2页,"广东,经典作品"
319,瑶族舞曲,民族管弦乐,刘铁山 茅沅,彭修文,,CO-YZ0014,C4-1,简总谱 手写简总谱,,,,,,,,,"广东,经典作品"
320,远古百越图,中西混编管弦乐,李复斌,,,CO-YG0015,曲库电脑,总谱 分谱,✓,✓,,,,,,,李复斌原创
321,乐从大湾来（全套）,民族管弦乐,李复斌,,,CO-YC0016,曲库电脑,总谱,,✓,,,,,,,"李复斌原创,乐从大湾来"
322,云宫迅音,民族管弦乐,李复斌,,,CO-YG0017,曲库电脑,总谱 分谱,✓,✓,,,,,,,"影视,李复斌编曲"
323,云南风情第三乐章-闹元宵,民族管弦乐,关迺忠,李复斌,,CO-YN0018.2013,,总谱 分谱,,,,,,,,,云南
324,早春·晚秋·琵琶语,民族管弦乐,林海,,李复斌,CO-ZC0001.2018,C4-1,总谱,,,,,,,,,
325,早茶,民族管弦乐,李复斌,,,CO-ZC0002.2020,C4-1,总谱,,,,,,,,,广东
326,织出彩虹万里长,民族管弦乐,杨绍斌,,李复斌,CO-ZC0003,C4-1,总谱,,,,,,,,,广东
327,织出彩虹万里长,民族管弦乐,杨绍斌,,李复斌,CO-ZC0003（2）,C4-1,分谱,,,,,,,,,广东
328,织出彩虹万里长,民族管弦乐,杨绍斌,,,CO-ZC0004,C4-1,简总谱,,,,,,,,书,广东
,早茶-娱乐升平,民族管弦乐,李复斌,,,CO-ZC0006.2025.12.28,电子曲库,总谱 分谱,✔️,✔️,,,,,,表演+大乐队，分谱无舞台表演声部,广东风情器乐曲
329,征服天堂,中西混编管弦乐,Vangelis,,李复斌,CO-ZF0005,C4-1,总谱 分谱,,,,,,,,,"外国作品,影视"
330,中国锣鼓,民族管弦乐,李复斌,,,CO-ZG0006.2019,C4-1,总谱,✓,✓,,,,,,,李复斌原创
331,中国锣鼓,民族管弦乐,李复斌,,,CO-ZG0006.2019（2）,C4-1,总谱,,,,,,,,,李复斌原创
332,珠海之春,民族管弦乐,王惠然,,,CO-ZH0007,C4-1,总谱,,,,,,,,,广东
333,昭君怨,民族管弦乐,广东音乐,汤凯旋,,CO-ZJ0008,C4-1,总谱 手写简谱,,,,,,,,,"广东,古曲"
334,珠江音画Mv.Ⅰ珠江源,中西混编管弦乐,李复斌,,,CO-ZJ0009.2017,C4-1,总谱,,,,,,,,,广东
335,珠江音画Mv.Ⅰ珠江源,民族管弦乐,李复斌,,,CO-ZJ0010.2017,C4-1,总谱,,,,,,,,,广东
336,珠江音画三章,民族管弦乐,李复斌,,,CO-ZJ0011.2014,C4-1,总谱 分谱,,,,,,,,,广东
337,在那桃花盛开的地方,民族管弦乐,铁源,,,CO-ZN0011,C4-1,手写总谱,,,,,,,,,歌曲改编
338,自由探戈（小型民族乐队合奏）,民族管弦乐,皮亚佐拉,,李复斌,CO-ZY0012.2019,C4-1,总谱,✓,✓,,,,,,,"外国作品,阿根廷,探戈"
339,再奏“步步高”,民族管弦乐,李复斌,,,CO-ZZ0013.2008,C4-1,总谱,,,,,,,,,"广东,李复斌原创"
,珠水缘,民族管弦乐,梁军,,,CO-ZS0014,,,,,,,,,,,
340,巴蜀歌谣,民族器乐重奏,李复斌,,,CM-BS0001,,总谱,,,,,,,,3份总谱,李复斌原创
341,巴蜀歌谣,民族器乐重奏,李复斌,,,CM-BS0001.2017,,总谱 分谱,,,,,,,,不完整总谱，分谱缺中国大鼓、钢琴,李复斌原创
342,巴蜀歌谣（4分钟版）,民族器乐重奏,李复斌,,,CM-BS0001.2018,曲库电脑,总谱 分谱,✓,✓,,,,,,,李复斌原创
343,巴蜀歌谣,民族器乐重奏,李复斌,,,CM-BS0001.2019,,总谱,,,,,,,,不完整宗谱,李复斌原创
344,巴蜀歌谣,民族器乐重奏,李复斌,,,CM-BS0001.2021,曲库电脑,总谱 分谱,✓,✓,,,,,,,李复斌原创
345,步步高,小乐队合奏,吕文成,李复斌,,CM-BB0002.2018,曲库电脑,总谱,,✓,,,,,,,广东
346,冲虚Ⅰ,民族室内乐,许志斌,,,CM-CX0001.2018,,总谱,,,,,,,,,
347,彩云追月（段玲演唱版）,民族器乐重奏,任光,李复斌,,CM-CY0001.2017,,总谱,,,,,,,,,"广东,经典作品"
348,彩云追月（丝竹乐）,民族器乐重奏,任光,李复斌,,CM-CY0002.2017,,总谱,,,,,,,,3份总谱,"广东,经典作品"
349,彩云追月（丝弦乐）,民族器乐重奏,任光,李复斌,,CM-CY0003,,总谱,,,,,,,,,"广东,经典作品"
350,春雨,丝竹乐,曹文工,李复斌,,CM-CY0004,,总谱,,,,,,,,,广东
351,春雨,丝竹乐,曹文工,李复斌,,CM-CY0004.2023,曲库电脑,总谱 分谱,✓,✓,,,,,,,广东
352,葛天氏之乐——玄鸟,民族器乐重奏,李复斌、高鸿祥,,,CM-GT0001.2006.12.20,,分谱,,,,,,,,同档案盒,李复斌原创
353,葛天氏之乐——玄鸟,民族器乐重奏,李复斌、高鸿祥,,,CM-GT0001.2006.12.29,,分谱,,,,,,,,,李复斌原创
354,葛天氏之乐——玄鸟（民族室内乐版）,民族室内乐,李复斌,,,CM-GT0002.2008,,总谱 分谱,,,,,,,,,李复斌原创
355,圭一,重奏,刘湲,,,CM-GY0003.1987,,总谱,,,,,,,,——为箫、两架古琴、男低音而作,
356,欢乐歌,竹笛,,,顾冠仁,CM-HL0001.1997,,手写总谱,,,,,,,,,江南丝竹
357,寒鸦戏水,民族室内乐,陈思昂,,,CM-HY0001.2017,,总谱 分谱,✓,✓,,,,,,分谱仅电子档,"广东,潮州音乐"
358,花朝月夕（六重奏）,民族器乐重奏,房晓敏,,,CM-HZ0002.2009,,总谱,,,,,,,,总谱不完整,广东
359,旱天雷（丝竹吹打乐）,丝竹吹打乐,,李复斌,,CM-HT0003.2005,,总谱 分谱,,,,,,,,李复斌收藏音乐作品系列,"广东,经典作品"
360,汉宫秋月,五架头,,李复斌,,CM-HG0004,曲库电脑,总谱 分谱,✓,✓,,,,,,,古曲
361,悸动,民族器乐重奏,李复斌,,,CM-JD0001.2006,,总谱,,,,,,,,广东音乐曲艺团（女子丝弦乐）,李复斌原创
362,惊涛,丝竹乐,陈文达,李复斌,,CM-JT0002.2017,曲库电脑,总谱 分谱,✓,✓,,,,,,,"广东,经典作品"
363,惊涛,民族器乐重奏,陈文达,李复斌,,CM-JT0002.2020,曲库电脑,总谱 分谱,✓,✓,,,,,,,"广东,经典作品"
364,铃儿响叮当（二重奏）,民族器乐重奏,,,李复斌,CM-LE0001,,手写总谱,,,,,,,,,"外国作品,节日,圣诞节"
365,临风,双琵琶与扬琴,陈思昂,,,CM-LF0001.2017,,总谱,,,,,,,,,
366,莫扎特主题随想（丝弦乐）,民族器乐重奏,,李复斌,,CM-MZ0001.2007,,总谱 分谱,,,,,,,,,外国作品
367,南梆子（G调）,民族室内乐,京剧《骊珠梦》选段,,,CM-NB0001,,手写简总谱,,,,,,,,,"北京,京剧曲牌"
368,女宫二簧（婺剧花旦）,民族室内乐,王天明,,,CM-NG0001.2008,,,,,,,,,,,"浙江,婺剧曲牌"
369,平湖秋月,钢琴弦乐五重奏,李复斌,,,CM-PH0001,曲库电脑,总谱,,✓,✓,,,,,,"广东,经典作品"
370,平湖秋月,丝竹乐,吕文成,李复斌,,CM-PH0001.2018,曲库电脑,总谱,,✓,✓,,,,,,"广东,经典作品"
371,秋水,民族室内乐,陈思昂,,,CM-QS0001.2007,,总谱,,,,,,,,,
372,室外乐,歌曲,刘湲,,,CM-SW0001.1988,,手写总谱,,,,,,,,,
373,太阳玄鸟,民族室内乐,李复斌,李复斌,,CM-TY0001,,总谱,,,,,,,,李复斌音乐合集——民族管弦乐 作品编号1001,李复斌原创
374,太阳玄鸟,民族室内乐,李复斌,,,CM-TY0001.2008,,总谱 分谱,✓,✓,,,,,,3份总谱，包含央视版版、终版（2021.5用于文化奖）,李复斌原创
375,挑帘（汉乐）,民族室内乐,,房晓敏,,CM-TL0001.2017,,总谱 分谱,,,,,,,,分谱不完整,"广东,广东汉乐"
376,醒狮,广东丝竹乐,李复斌,,,CM-XS0001,,总谱,,,,,,,,李复斌音乐合集——民族管弦乐 作品编号1005,"广东,经典作品"
377,月儿高,丝竹乐,,李复斌,,CM-YE0001,,总谱,,,,,,,,,古曲
378,月儿高,丝竹乐,,李复斌,,CM-YE0001.2008,,总谱,,,,,,,,同档案盒,古曲
379,月儿高,丝竹乐,,李复斌,,CM-YE0001.2011,,总谱,,,,,,,,,古曲
380,月儿高,丝竹乐,,李复斌,,CM-YE0001.2019,曲库电脑,总谱 分谱,✓,✓,,,,,,,古曲
381,娱乐升平（合奏）,三架头,,李复斌,,CM-YL0001.2005,,总谱,,,,,,,,李复斌收藏音乐作品系列,"广东,经典作品"
382,月恋,民族室内乐,房晓敏,,,CM-YL0002.2017,,总谱 分谱,,,,,,,,,广东
383,粤歌·茶韵·岭南情,风俗民族器乐重奏,李复斌,,,CM-YG0001.2022,,总谱,,,,,,,,,"广东,李复斌原创,舞台表演"
384,粤茶飘香,民族器乐小品,,李复斌,,CM-YC0002,曲库电脑,总谱 分谱,✓,✓,,,,,,,"广东,李复斌原创,舞台表演"
385,粤茶·娱乐升平,广东风情器乐,李复斌,,,CM-YC0003,,分谱,,,,,,,,,"广东,李复斌原创,舞台表演"
386,竹林春雨,潮州音乐合奏,,陈博,,CM-ZL0001,,手写总谱,,,,,,,,,"广东,潮州音乐"
387,彩云追月,丝弦乐,,李复斌,,SS-CY0001,,总谱 分谱,,,,,,,,,"广东,经典作品"
388,彩云追月,丝弦乐,,李复斌,,SS-CY0001（2）,,总谱 分谱,,,,,,,,,"广东,经典作品"
389,彩云追月,丝弦乐,,李复斌,,SS-CY0001.2004,,总谱,,,,,,,,,"广东,经典作品"
390,春雨,丝弦乐,,,李复斌,SS-CY0002.2005,,总谱 分谱,,,,,,,,,广东
391,春郊试马,丝弦乐,,李复斌,,SS-CJ0001,,总谱 分谱,,,,,,,,,"广东,经典作品"
392,惊涛,丝弦乐,陈文达,,李复斌,SS-JT0001.2009,,总谱 分谱,,,,,,,,,"广东,经典作品"
393,惊涛,丝弦乐,陈文达,,李复斌,SS-JT0001.2009,,总谱,,,,,,,,多一个竹笛声部，铃鼓音高不同,"广东,经典作品"
394,惊涛,丝弦乐,陈文达,,李复斌,SS-JT0001.2017,,总谱 分谱,,,,,,,,,"广东,经典作品"
395,醒狮,丝弦乐,吕文成,李复斌,,SS-XS0001,,总谱,,,,,,,,,"广东,经典作品"
396,渔歌晚唱,丝弦乐,吕文成,李复斌,,SS-YG0001.2018,,总谱,,,,,,,,,"广东,经典作品"
397,娱乐升平,丝弦乐,,,,SS-YL0001,,总谱 分谱,,,,,,,,,"广东,经典作品"
398,彝族舞曲,丝弦乐,,,李复斌,SS-YZ0001,,总谱 分谱,,,,,,,,,云南
399,知音,丝弦乐,施光南,,李复斌,SS-ZY0001.2005,,总谱,,,,,,,,,
400,知音,丝弦乐,,,李复斌,SS-ZY0001.2005,,分谱,,,,,,,,,
401,知音,丝弦乐,王立平,,李复斌,SS-ZY0001.2005,,总谱,,,,,,,,,
402,阿凡提的故事,弹拨乐合奏,根据电影《阿凡提》主题音乐改编,克里木 奴尔买买提,李复斌,PS-AF0001.2014,,总谱 分谱,,✓,✓,,,,,,"新疆,影视"
403,彩云追月,弹拨乐合奏,,李复斌,,PS-CY0001.2005,,总谱 分谱,,,,,,,,,"广东,经典作品"
404,俄罗斯民歌印象,弹拨乐合奏,,郭亨基,,PS-EL0001,,分谱,,,,,,,,《田野静悄悄》、《小苹果》、《雪莲花》、《卡玛林斯卡亚》,"外国作品,俄罗斯"
405,丰收之歌,弹拨乐合奏,,,李复斌,PS-FS0001,,分谱,,,,,,,,,"外国作品,丹麦"
406,火凤,弹拨乐合奏,何昌林、曹文工,,,PS-HF0001.2001,,手写总谱 总谱,,,,,,,,,古曲
407,狂欢的篝火之夜,弹拨乐合奏,吉喆,,宁勇（移配）,PS-KH0001,,手写简总谱,,,,,,,,,
408,客家山水春雨图,弹拨乐合奏,,,,PS-KJ0001,,总谱,✓,✓,,,,,,,广东
409,铃儿响叮当,弹拨乐合奏,,,顾冠仁,PS-LE0001,,手写简分谱,,,,,,,,,"外国作品,节日,圣诞节"
410,马刀舞曲,弹拨乐合奏,哈恰图良（俄）,,,PS-MD0001,,总谱,,,,,,,,,"外国作品,俄罗斯"
411,南疆舞曲,弹拨乐合奏,,,,PS-NJ0001,,总谱 分谱,,,,,,,,,新疆
412,山寨之夜,弹拨乐合奏,,,,PS-SZ0001,,总谱,,,,,,,,,
413,三六,弹拨乐合奏,,,,PS-SL0001,,简总谱 简分谱,,,,,,,,,江南丝竹
414,驼铃响叮当,弹拨乐合奏,顾冠仁,,,PS-TL0001,,总谱,,,,,,,,,
415,天山之春,弹拨乐合奏,,李复斌,,PS-TS0001.2003,,总谱 分谱,,,,,,,,,新疆
416,弹起我心爱的土琵琶,弹拨乐合奏,吕其明,王惠然,,PS-TQ0001,,总谱,,,,,,,,,
417,田野歌声,弹拨乐合奏,,王惠然,,PS-TY0001,,总谱,,,,,,,,,
418,新春乐,弹拨乐合奏,,李复斌,,PS-XC0001,,分谱,,,,,,,,,"河北,经典作品"
419,小河淌水,弹拨乐合奏,李复斌,,,PS-XH0001,,总谱 分谱,,,,,,,,,"云南,经典作品"
420,月儿高,弹拨乐合奏,许昭雄,李复斌,,PS-YE0001,,总谱,,,,,,,,,经典作品
421,瑶族舞曲,弹拨乐合奏,,,,PS-YZ0001,,总谱 分谱,✓,,,,,,,,"广东,经典作品"
422,雨,弹拨乐合奏,曹文工,,,PS-Y0001,,总谱 分谱,,,,,,,,,广东
423,音诗——沙迪尔传奇,弹拨乐合奏,吕文成,,,PS-YS0001,,手写简分谱,,,,,,,,维吾尔音诗,新疆
,银河会,弹拨乐合奏,吕文成,李复斌,,PS-YH0002,,总谱 分谱 简分谱,✓,✓,,,,,,琵琶与弹拨乐合奏队，亦可作弹拨合奏,广东
424,阿细欢歌,吹打乐,林伟华,李复斌,,WP-AX0001,,总谱,,,,,,,,,云南
425,旱天雷,吹打乐,,李复斌,,WP-HT0001.2009,,总谱 分谱,,,,,,,,,"广东,经典作品"
,画眉跳架,潮州锣鼓,传统乐曲,林运喜,,WP-HM0002,曲库电脑,总谱 分谱,✓,✓,,,,,,,"广东,潮州音乐"
426,将军令（广东汉乐）,吹打乐,,杨柳 罗优,,WP-JJ0001,,手写简总谱,,,,,,,,,"广东,广东汉乐"
427,龙腾虎跃,吹打乐,李民雄,李复斌,,WP-LT0001.2005,,总谱,,,,,,,,,"广东,经典作品"
,龙腾虎跃,吹打乐,李民雄,李复斌,,WP-LT0003,曲库电脑,总谱,✓,,,✓,,,,,"广东,经典作品"
,龙腾虎跃,吹打乐,李民雄,李复斌,,WP-LT0004.2025,曲库电脑,总谱,✓,✓,,,,,,,
,龙舟,吹打乐,何柳堂,李复斌,,WP-LZ0002,曲库电脑,总谱 分谱 简分谱,✓,✓,,,,,,,"广东,经典作品"
,狮子戏球,吹打乐,传统乐曲,,,WP-SZ0001,曲库电脑,总谱 分谱,✓,✓,,,,,,无有音高乐器，仅有旋律谱,"广东,潮州音乐"
428,音诗——沙迪尔传奇,吹打乐,,,,WP-YS0001,,手写简分谱,,,,,,,,维吾尔音诗,新疆
429,博弈,打击乐团,李复斌,,,PE-BY0001,,总谱,,,,,,,,,李复斌原创
430,东郭先生与狼,打击乐团,李复斌,,,PE-DG0001,,总谱,,,,,,,,,"李复斌原创,舞台表演"
431,滚核桃,打击乐团,,,,PE-GH0001,,总谱,,,,,,,,,山西
432,老虎磨牙,打击乐团,安志顺,,,PE-LH0001,,总谱 分谱,✓,,,,,,,,西北
433,老鼠娶亲,打击乐团,山西绛州鼓乐团集体创作,,,PE-LS0001,,总谱 分谱,,,,,,,,,山西
434,荔枝红,打击乐团,李复斌,,,PE-LZ0001.2020,,总谱,,,,,,,,,广东
435,Techhology,打击乐合奏,Jim Casella,,,PE-TE0001,,,,,,,,,,,"外国作品,美国"
436,鸭子拌嘴,打击乐团,安志顺,,,PE-YZ0001,,手写简分谱,,,,,,,,,
436,中国寓言故事的启迪,打击乐合奏,李复斌,,,PE-ZG0001,曲库电脑,总谱 分谱,✓,✓,,,,,,,"李复斌原创,舞台表演"
437,春之韵珠江赋（演唱：梁玉嵘）,中国管乐,李复斌,,,CW-CZ0001.2015,,分谱,,,,,,,,,"广东,李复斌原创"
438,惊涛,中国管乐,陈文达,李复斌,,CW-JT0001,,总谱,,,,,,,,,"广东,经典作品"
439,马刀舞曲（扩展版）,中国管乐,哈恰图良（俄）,李复斌,,CW-MD0001.2023,,总谱,,,,,,,,,"外国作品,俄罗斯"
440,萨朗回响,交响管乐合奏,李复斌,,,CW-SL0001.2009,,总谱 分谱,,,,,,,,,李复斌原创
441,西关故事,弓弦乐团,李复斌,,,CS-XG0001,,总谱,,,,,,,,,李复斌原创
442,音诗——沙迪尔传奇,弓弦乐团,,,,CS-YS0001,,手写分谱 手写简分谱,,,,,,,,维吾尔音诗,新疆
443,爱我中华,合唱,徐沛东,,李复斌,CH-AW0001,,简总谱 总谱,,,,,,,,,红歌
444,爱我中华,合唱,徐沛东,,李复斌,CH-AW0001,,总谱,,,,,,,,,红歌
445,把根留住,混声合唱,童安格,朱良镇,,CH-BG0001,,简总谱,,,,,,,,,
446,北京喜讯到边寨（少儿版）,合唱,郑路、马洪业,,李复斌,CH-BJ0001,,总谱 分谱,,,,,,,,,
447,百年·伶仃洋,大型民族交响合唱,李复斌,,,CH-BN0001.2021,,总谱,,,,,,,,,"广东,李复斌原创"
448,春节序曲,合唱,李焕之,李复斌,,CH-CJ0001.2007,,总谱 分谱,,,,,,,,,经典作品
449,彩云追月,合唱,,李复斌,,CH-CY0001.2005,,分谱,,,,,,,,,"广东,经典作品"
450,彩云追月,通俗合唱,,李复斌,,CH-CY0001,,总谱 分谱,,,,,,,,,"广东,经典作品"
451,大湾情缘,男声/女声独唱、合唱,陈明志,,,CH-DW0001,,总谱 分谱,,,,,,,,,广东
452,复兴之路,混声合唱,印青,,,CH-FX0001,,总谱 分谱,,,,,,,,,
453,帆影,民族管弦乐与合唱,孟卫东,,李复斌,CH-FY0001.2021,,简总谱 总谱,,,,,,,,大型民族交响组曲《簕杜鹃与金莲花》曲1,簕杜鹃与金莲花
454,鼓舞中国,声乐、鼓乐、打击乐,李复斌,,,CH-GW0001.2005,,简总谱 分谱,,,,,,,,,李复斌原创
455,鼓舞中国,声乐、鼓乐、打击乐,李复斌,,,CH-GW0001.2005（2）,,简总谱 分谱,,,,,,,,,李复斌原创
456,回娘家,合唱,,李复斌,,CH-HN0001.2012,,总谱,,,,,,,,,
457,红旗颂,民族交响合唱,吕其明,李复斌,,CH-HQ0001.2016,,总谱,,,,,,,,,红歌
458,红旗颂,民族交响合唱,吕其明,李复斌,,CH-HQ0001,,总谱 分谱,,,,,,,,,红歌
459,江山多娇,混声四部合唱,陈述刘,,,CH-JS0001,,手写总谱 总谱,,,,,,,,,
,江山多娇,民族交响合唱,陈述刘,李复斌,,CH-JS0001.2016,曲库电脑,分谱,✓,✓,,,,,,,
460,落雨大,合唱,广东童谣,,李复斌,CH-LY0001.2017,,总谱,✓,✓,,,,,,,"广东,童谣"
,落雨大,女声合唱,广东童谣,,李复斌,CH-LY0001.2025.12.29,曲库电脑,总谱 分谱,✔️,✔️,,,,,,民族乐队、民族管弦乐伴奏版、女生合唱,
,湾区畅想—百年伶仃洋,民族交响合唱,李复斌,,,CH-LD0002,曲库电脑,总谱 分谱,✓,✓,,,,,,,李复斌原创
461,马铃响来玉鸟儿唱,合唱,罗宗贤、葛炎,,,CH-ML0001,,总谱,,,,,,,,故事片《阿诗玛》插曲,影视
462,梦起大湾,民族交响合唱,,,,CH-MQ0001.2023,,总谱 分谱,,,,,,,,,广东
463,赛龙夺锦（少儿版）（中西混编）,乐队与合唱 女高女低,,李复斌,,CH-SL0001,,总谱,,,,,,,,,"广东,经典作品,少儿"
464,赛龙夺锦,乐队与合唱,翟宗,李复斌,,CH-SL0001.2004,,总谱,,,,,,,,,"广东,经典作品"
465,我的祖国,合唱、二胡与乐队,,李复斌,,CH-WD0001.2018,,总谱,✓,✓,,,,,,,影视
466,尾曲·礼赞·2049,混声合唱,孟卫东,,李复斌,CH-FY0001.2021,,简总谱 总谱,,,,,,,,大型民族交响组曲《簕杜鹃与金莲花》尾曲,簕杜鹃与金莲花
467,湾曲畅想·百年伶仃洋,民族交响合唱,李复斌,,,CH-WQ0002,,总谱,,,,,,,,,"广东,李复斌原创"
468,序曲·礼赞·1999,合唱,孟卫东,,李复斌,CH-FY0001.2021,,简总谱 总谱,,,,,,,,大型民族交响组曲《簕杜鹃与金莲花》序曲,簕杜鹃与金莲花
469,忆秦娥,合唱与乐队,田丰,李复斌,,CH-YQ0001.2011,,简分谱,,,,,,,,,
470,忆秦娥·娄山关,合唱,田丰,,,CH-YQ0001,,总谱 分谱,,,,,,,,,
471,安徽民歌组曲（两首）,管弦乐,,杨一博,,OC-AH0001,,总谱,,,,,,,,屯溪民歌《小石桥》、当涂民歌《划龙船》,安徽
,步步高主题随想,管弦乐,吕文成,李复斌,,OC-BB0001,曲库电脑,总谱,,✓,,,,,,,"广东,经典作品,李复斌编曲"
472,Hungarian Dance No.5,管弦乐,Johannes Brahms,Roy Phillippe,,OC-HU0001,,总谱,,,,,,,,匈牙利舞曲第5号,"外国作品,德国"
473,卡门（序曲）,管弦乐,Georges Bizet,,,OC-KM0001,,总谱,,,,,,,,,"外国作品,法国,卡门组曲"
474,蓝色多瑙河圆舞曲,管弦乐,Johann Strauss,,,OC-LS0001,,袖珍总谱,,,,,,,,,"外国作品,奥地利"
475,马刀舞曲,管弦乐,哈恰图良（俄）,,,OC-MD0001,,总谱,,,,,,,,,"外国作品,俄罗斯"
,平湖秋月,管弦乐,吕文成,李复斌,,OC-PH0001,曲库电脑,总谱,,✓,,,,,,,"广东,经典作品"
,云南音诗——火把节,管弦乐,王西麟,,,OC-YN0001,曲库电脑,总谱,,✓,,,,,,,
476,阿里山的姑娘,管乐团,,,,WB-AL0001,,总谱,,,,,,,,,台湾
477,步步高,管乐团,吕文成,李复斌,,WB-BB0001.2017,,总谱,✓,✓,,,,,,传统步步高,"广东,经典作品"
478,彩云追月,管乐团,任光,李复斌,,WB-CY0001.2017,,总谱,,,,,,,,,"广东,经典作品"
479,歌剧魅影,管乐团,安德鲁·洛伊·韦伯,,,WB-GJ0001,,总谱,,,,,,,,,"外国作品,影视"
480,旱天雷,管乐团,广东音乐,李复斌,,WB-HT0001,,总谱,✓,✓,,,,,,,"广东,经典作品"
,检阅进行曲,管乐团,郑璐,,,WB-JY0001,曲库电脑,总谱 分谱,✓,✓,,,,,,,
,赛龙夺锦,管乐团,何柳堂,李复斌,,WB-SL0001.2017,曲库电脑,总谱,,✓,,,,,,,"广东,经典作品"
,太阳玄鸟,管乐团,李复斌,,,WB-TY0001,曲库电脑,总谱,,✓,,,,,,,李复斌原创
481,珠江源,管乐团,李复斌,,,WB-ZJ0001.2017,,总谱,,✓,,,,,,,李复斌原创
482,娱乐升平,管乐团,丘鹤俦,李复斌,,WB-YL0001.2017,,总谱,,✓,,,,,,,"广东,经典作品"
,宝莲灯,粤曲,,,,CT-BL0001,,手写简谱,,,,,,,,,
,宝莲灯,粤曲,,,,CT-BL0001,,手写简谱  总谱,,,,,,,,,
483,春满羊城,粤曲,何克宁,李复斌,,CT-CM0001,,总谱,,,,,,,,,"广东,粤曲"
,春满羊城,粤曲,,,,CT-CM0002.2005,,分谱,,,,,,,,粤曲演唱,
,闯经堂,传统粤曲,陈自强,李复斌,,CT-CJ0001.2009,,总谱,,,,,,,,,
,闯经堂,传统粤曲,陈自强,李复斌,,CT-CJ0002.2009,,歌谱,,,,,,,,,
,闯经堂,传统粤曲,陈自强,,汤凯旋,CT-CJ0003.2005,,手写总谱,,,,,,,,粤曲平喉独唱,
,踩莲,粤曲,,,李复斌,CT-CL0001.2005,,总谱 分谱,,,,,,,,丝弦乐带管乐伴奏,
484,春之韵,粤曲,李复斌,,,CT-CZ0001,,分谱,,,,,,,,,"广东,粤曲"
485,春之韵·珠江赋,粤曲,李复斌,,,CT-CZ0002.2015,,总谱,,,,,,,,,"广东,粤曲"
,歌唱农村新面貌,粤曲,,张文纲,,CT-GC0001,,歌谱,,,,,,,,,
,歌唱农村新面貌,粤曲,,李,,CT-GC0002,,总谱,,,,,,,,粤曲南音,
,剑归来,传统粤曲,,,李复斌,CT-JG0001。2018,,总谱,,,,,,,,,
486,客途秋恨,传统粤曲南音,,,李复斌,CT-KT0001.2017,,总谱,,,,,,,,,"广东,南音"
,柳毅传书之花好月圆,粤曲,,,李复斌,CT-LY0001。2018,,总谱,,,,,,,,根据罗家宝 林锦屏演唱版本整理,
,娄山关,粤曲,,,,CT-LS0002,曲库电脑,总谱,,✓,,,,,,,
,牡丹亭,传统粤曲,,,李复斌,CT-MD0001.2018,,总谱,,,,,,,,,
,满江红,粤曲协奏曲,李复斌,,,CT-MJ00001.2009,,总谱,,,,,,,,,
,满江红,粤曲,李复斌,,,CT-MJ00002.2005,,总谱,,,,,,,,与民族交响合唱,
,满江红,粤曲,李复斌,,,CT-MJ00003.2005,,分谱,,,,,,,,满江红附一,
,怒劈华山,粤曲演唱,,,,CT-NP0001,,分谱,,,,,,,,,
,怒劈华山,粤曲演唱,,,,CT-NP0002,,手写简总谱,,,,,,,,十八相送，断桥，莽花    旋律谱,
,十八相送,传统粤曲,,,,CT-SB0001.2009,,总谱,,,,,,,,,
,十八相送,传统粤曲,彭家榥,合唱,,CT-SB0001,,手写简总谱,,,,,,,,女生对唱,
487,山河颂,粤曲演唱,成田为三,,李复斌,CT-SH0001,,总谱 分谱,,,,,,,,,"广东,粤曲"
,山河颂之长城放歌,粤曲对唱,,,李复斌,CT-SH0002,,手写简总谱 手写简分谱,,,,,,,,,
,天女散花,传统粤曲,,,李复斌,CT-TN0001.2018,,总谱,,,,,,,,,
,岳飞满江红,粤曲协奏曲,李复斌,,,CT-YF0001.2009,,总谱,,,,,,,,,
488,杨门女将,传统粤曲独唱,,,李复斌,CT-YM0001.2017,,总谱,,,,,,,,,"广东,粤曲"
,忆秦娥·娄山关,广东粤曲,李复斌、梁玉嵘,,,CT-YQ0001.2018,,总谱,,,,,,,,民族管弦与合唱,
,瀛台恨,粤曲,李复斌,,,CT-YT0001,,手写简总谱,,,,,,,,,
,星腔遥映战袍红,粤曲,李复斌,,,CT-XQOOO1.2015,,总谱,,,,,,,,,
,咸水歌·甜水歌,粤曲演唱,,李复斌,李复斌,CT-XSOOO1,,总谱,,,,,,,,,
,昭君怨,粤曲,,,卜灿荣,CT-ZJ0001,,手写总谱  简谱分谱,,,,,,,,孔雀东南飞之情殉劫后花,
,珠江潮  第二版,粤曲与男高音,Ke Xu、李复斌,,,CT-ZJ0002,,总谱 分谱,,,,,,,,,
489,打虎上山（原版）,京剧,（杨子荣唱腔）智取虎威山第五场,,,XQ-DH0001.1990,,总谱 手写总谱,,,,,,,,,京剧曲牌
490,梨园春,戏曲,李复斌,,,XQ-LY0001,,总谱 分谱,,,,,,,,,
,帝女花,粤剧,,,,XQ-DN0001,,总谱,,,,,,,,管弦乐队版,
,帝女花·”香夭“,粤剧对唱,,,李复斌,XQ-DN0001.2018,,总谱,,,,,,,,,
491,智取威虎山（第五场打虎上山）,革命现代京剧,,,,XQ-ZQ0001,,总谱,,,,,,,,,京剧曲牌
,东吴郡王,潮剧,,,李复斌,XQ-DW0001.2008,,总谱,,,,,,,,,
,国色天香,汉剧,钟礼俊,,梁军,XQ-GS0001.2017,,总谱,,,,,,,,,
,花月影——花月情、明月清辉,粤剧,,,,XQ-HY0001,,总谱,,,,,,,,,
,和风小送畦土香,汉剧,,梁军,,XQ-HF0001,,总谱,,,,,,,,,
,蝴蝶梦,汉剧,,梁军,,XQ-HD0001.2017,,总谱,,,,,,,,,
,精卫无勇天海心,汉剧,钟礼俊,梁军,,XQ-JW0001.2017,,总谱,,,,,,,,,
,客途秋恨,粤剧,,,李复斌,XQ-KT0001.2017,,总谱,,,,,,,,,
,荔枝颂,粤剧,,李复斌,李复斌,XQ-LZ0001,,总谱 分谱,,,,,,,,,
,柳青娘,潮剧,,,黄唯奇 陈博,XQ-LQ0001,,手写简分谱,,,,,,,,,
,你可知朱买臣五十才富贵,汉剧,,梁军,,XQ-NK0001.2016,,总谱,,,,,,,,,
,青春一去不再留,汉剧,,梁军,梁军,XQ-QC0001.2017,,总谱,,,,,,,,,
,沁园春·雪,汉剧,钟礼俊,梁军,,XQ-QY0001.2017,,总谱,,,,,,,,,
,顶狮山传奇（第一幕）,邕剧,李复斌,,,XQ-SD0001,曲库电脑,总谱 分谱,✓,✓,,,,,,,"顶狮山传奇,李复斌原创"
,数载夫妻君了然,汉剧,钟礼俊  孙金泉,,梁军,XQ-SZ0001.2017,,总谱,,,,,,,,,
,我好恨·有口难辨,汉剧,钟礼俊  苏华伟       钟礼坤,梁军,,XQ-WH0001.2017,,总谱,,,,,,,,,
,我遗憾不是共产党员,汉剧,钟礼俊  钟礼坤,梁军,梁军,XQ-WY0001.2017,,总谱,,,,,,,,,
,无声的功勋 -序曲,现代粤剧,李复斌,,,XQ-WS0001,曲库电脑,总谱 分谱,✓,✓,,,,,,,"无声的功勋,李复斌原创"
,一腔怒火烧红天,广东汉剧,,梁军,,XQ-YQ0001.2016,,总谱,,,,,,,,,
,英雄赞歌,戏曲,,,,XQ-YX0001,,总谱,,,,,,,,,
,月色溶溶照小径,广东汉剧唱腔,钟礼俊  孙金泉,梁军,梁军,XQ-YS0001.2017,,总谱,,,,,,,,《蝴蝶梦》选段,
,做一个好女人,汉剧,钟礼俊  钟礼坤,梁军,,XQ-ZY0001.2017,,总谱,,,,,,,,,
,佛宝赞,佛曲,,,,BS-FB0001,,简谱  总谱,,,,,,,,,
492,佛曲五首,佛曲,弘一大师,,,BS-FQ0001,,简总谱 手写简总谱,,,,,,,,三宝歌、普天乐、万德圆融、自性偈、谛想偈,佛教音乐
493,佛曲六首,佛曲,李复斌、觉仁,,,BS-FQ0001.2005,,手写简总谱,,,,,,,,三宝歌、普天乐、万德圆融、自性偈、谛想偈,佛教音乐
,佛曲七首,佛曲,李复斌,,,BS-FQ0001,,简分谱  简总谱,,,,,,,,,
,四   费闲歌,佛曲,,李复斌,,BS-FX0001,,李复斌,,,,,,,,佛教音乐会,
494,般若无相颂（佛教音乐会）,男声齐唱,李复斌,,,BS-BR0001,,李复斌,,,,,,,,,"佛教音乐,李复斌原创"
495,宝影赞,大合唱,,,,BS-BY0001,,简总谱,,,,,,,,,佛教音乐
,供养咒,佛曲,,,,BS-GY0001,,简总谱,,,,,,,,,
,四弘誓愿,佛曲,李复斌,,,BS-SH0001,,总谱,,,,,,,,佛教音乐会,
,是心做佛祖,佛曲合唱,,,,BS-SS0001,,总谱 简分谱,,,,,,,,,
,启告十方,佛曲,,,,BS-QG0001,,总谱,,,,,,,,佛教音乐会,
,天堂在哪里,佛曲,,,,BS-TT0001,,总谱,,,,,,,,,
496,五方结界,佛曲歌曲,,,,BS-WF0001,,手写简总谱,,,,,,,,,佛教音乐
,咏花赞,道教音乐,,,李复斌,BS-YH0001,,总谱,,,,,,,,,
497,准提神咒,佛曲,,,,BS-ZT0001,,手写简总谱,,,,,,,,,佛教音乐
498,巴楚行第一乐章,竹笛协奏与管弦乐,钟信明,,,ZD-BC0001,,手写总谱,,,,,,,,,湖北
499,巴楚行第二乐章,竹笛协奏与民族乐队,钟信明,,,ZD-BC0002,,总谱,,,,,,,,,湖北
500,梆笛协奏曲,梆笛协奏,马水龙,,,ZD-BD0001,,钢伴谱,,,,,,,,,
501,百家春（大笛乐）,竹笛,,黄唯奇,陈博,ZD-BJ0001,,手写简总谱,,,,,,,,,
502,巴蜀情,竹笛协奏,钟信明,,,ZD-BS0001,,总谱,,,,,,,,,湖北
503,“楚辞”后奏曲,竹笛与乐队,李复斌,,,ZD-CC0001,,总谱 分谱,✓,✓,,,,,,,李复斌原创
504,“楚辞”后奏曲,竹笛与乐队,李复斌,,,ZD-CC0001（2）,,总谱 分谱,,,,,,,,,李复斌原创
505,“楚辞”后奏曲,竹笛与乐队,李复斌,,,ZD-CC0001（3）,,总谱 分谱,,,,,,,,,李复斌原创
506,“楚辞”后奏曲,竹笛与乐队,李复斌,,,ZD-CC0001（4）,,总谱,,,,,,,,,李复斌原创
507,唱支山歌给党听,笛子独奏,朱践耳,汤凯旋,汤凯旋,ZD-CZ0001,,手写简总谱,,,,,,,,,"红歌,歌曲改编"
508,大青山下,笛子独奏,南维德、李镇,,李复斌,ZD-DQ0001,,总谱 分谱,,,,,,,,,内蒙古
509,顶嘴,笛子二重奏,,,,ZD-CZ0001,,简总谱,,,,,,,,,河南
510,飞歌,笛子独奏,唐建平,,,ZD-FG0001.2002,,总谱,,,,,,,,,云南
511,挂红灯,梆笛独奏,周成龙,,,ZD-GH0001.1989,,手写总谱,,,,,,,,,陕北
512,姑苏行,竹笛独奏,顾冠仁,,,ZD-GS0001.1986,,手写总谱 手写简总谱,,,,,,,,,江苏
513,红梅赞,竹笛与乐队,,,李复斌,ZD-HM0001.2016,,总谱,,✓,✓,,,,,,"江姐,经典歌剧"
514,和平鸽,竹笛与管弦乐队,刘管乐,赵松庭,李复斌,ZD-HP0001.2009,,总谱,,✓,,,,,,,
,胡旋舞,竹笛独奏,钟耀光,,,ZD-HX0003,曲库电脑,钢伴谱,✓,,,,,,,,
515,丽莲之歌,笛子独奏,印度电影流浪者主题曲,,,ZD-LL0001,,手写总谱,,,,,,,,,"外国作品,影视,印度"
516,柳青娘,笛子独奏,刘管乐,,,ZD-LQ0001,,手写简总谱,,,,,,,,,
517,绿洲,笛子独奏,莫凡,,,ZD-LZ0001,,手写总谱,,,,,,,,,新疆
518,满江红,竹笛与乐队,王建民,李复斌,,ZD-MJ0001,,总谱,,,,,,,,,
519,牧民新歌,笛子独奏（小乐队伴奏）,简广易、王志伟,,,ZD-MM0001,,总谱 简总谱,,,,,,,,,内蒙古
520,麦收,笛子独奏,曾泳清,,,ZD-MS0001,,手写简总谱,,,,,,,,,
521,闹元宵,大笛乐,,黄唯奇,陈博,ZD-NY0001,,简总谱,,,,,,,,,山西
522,帕米尔的春天,笛子独奏,吉克族民歌,李大同,王国伟,ZD-PM0001,,手写总谱,,,,,,,,,新疆
523,秦川抒怀,笛子独奏,曾永清,,,ZD-QC0001,,手写简总谱,,,,,,,,,陕西
524,秦川情,竹笛协奏,曾永清,,,ZD-QC0002,,总谱,,✓,,,,,,,陕西
525,秋湖月夜,笛子独奏,逾逊发、彭正元,,,ZD-QH0001,,总谱 简分谱,,,,,,,,,诗词
,热情与冷漠的邂逅,双竹笛与钢琴,李博禅,,,ZD-RQ0001,曲库电脑,钢伴谱,✓,,,,,,,,
526,陕北四章（四、闹红火）,竹笛与民族乐队协奏,程大兆,,,ZD-SB0001.1996,,总谱 分谱,,,,,,,,,陕西
527,山村小景,笛子独奏,刘森,,,ZD-SC0001.1993,,手写简总谱,,,,,,,,,山东
528,深秋叙,大曲笛独奏,穆祥来,,,ZD-SQ0001.1989,,手写总谱,,,,,,,,,
529,小放牛,笛子独奏,,刘森,,ZD-XF0001,,手写简总谱,,,,,,,,,昆曲
530,喜相逢,笛子独奏,冯子存,,,ZD -XX0001,,手写简总谱,,,,,,,,,内蒙古
,雪意断桥,竹笛独奏,刘锡津,,,ZD-XY0003,曲库电脑,钢伴谱,✓,,,,,,,,
531,远方的思念,笛子独奏,,,,ZD-YF0001,,手写总谱,,,,,,,,,
532,幽兰逢春,竹笛独奏,赵松庭,,王甫建,ZD-YL0001,,总谱 分谱,,,,,,,,,
533,沂蒙山歌,竹笛独奏,,,,ZD-YM0001,,总谱,,✓,,,,,,,
534,原始狩猎图,骨笛小协奏,钱兆熹,,,ZD-YS0001,,总谱 手写总谱,,,,,,,,,
535,云雀,口笛独奏,罗马尼亚民间乐曲,逾逊发,李复斌,ZD-YQ0001,,总谱,,,,,,,,,
536,夜莺,中国笛与管弦乐,雅尼,,李复斌,ZD-YY0001.2013,,总谱 分谱,,,,,,,,,
537,夜莺,中国笛与民族管弦乐,雅尼,,李复斌,ZD-YY0001.2015,,总谱,✓,✓,,,,,,,
538,夜莺,中国笛与乐队,雅尼,,李复斌,ZD-YY0001.2016,,总谱 分谱,✓,✓,,,,,,,
539,夜莺,中国笛与乐队,雅尼,,李复斌,ZD-YY0001.2019,,总谱 分谱,,,,,,,,,
540,走西口,竹笛协奏,,,,ZD-ZX0001,,总谱 分谱,,,,,,,,,
541,走西口,笛子协奏,南维德、李镇、魏家稔,何占豪,,ZD-ZX0001,,手写总谱,,,,,,,,,
542,Aragonaise of Carmen,中音笙独奏,Georges Bizet,,李复斌,SH-AR0001,,分谱,,,,,,,,,
543,阿细欢歌,笙与双排键,,,,SH-AX0001,,总谱,,,,,,,,,
544,冬猎,笙独奏,文佳良,,,SH-DL0001,,总谱 分谱,,,,,,,,,
545,冬猎,笙独奏,文佳良,,,SH-DL0001（2）,,总谱 简总谱,,,,,,,,,
546,飞天,笙独奏,许景新、陈大伟,李复斌,,SH-FT0001.2015,,总谱 分谱,,,,,,,,,
547,飞天,笙独奏,许景新、陈大伟,李复斌,,SH-FT0001.2015（2）,,总谱,,,,,,,,,
548,欢乐的草原,笙与乐队,张文良,,,SH-HL0001,,手写简总谱,,,,,,,,,
549,九歌之东皇太一（祭祀乐）,笙独奏,李复斌,,,SH-JG0001.2010,,总谱,,,,,,,,,
550,满园春,笙独奏,周煜国,周煜国,,SH-MY0001.1995,,手写总谱,,,,,,,,,
551,平湖秋月,笙与竖琴,,李复斌,,SH-PH0001.2018,,总谱,,,,,,,,,
552,秦王破阵乐,笙独奏,,张之良,,SH-QW0001.2018,,总谱,✓,✓,,,,,,,
553,我爱祖国的西沙（南海渔歌）,笙独奏,苏安国、王惠然,,,SH-WA0001,,手写总谱,,,,,,,,,
554,微山湖船歌,笙独奏,牟善平,,,SH-WS0001,,手写简总谱,,,,,,,,,
555,星湖美,笙独奏,杨龙华,李复斌,,SH-XH0001,,总谱,,,,,,,,,
556,小河淌水,笙独奏,尹宜众,李复斌,,SH-XH0002.2015,,总谱,,✓,✓,,,,,,
,窗花舞,唢呐/低音管五重奏,,,,SN-CH0001,曲库电脑,总谱 分谱,✓,✓,,,,,,,
557,夺丰收,唢呐独奏,,,武胜,SN-DF0001.2001,,手写简总谱,,,,,,,,,
558,大跃进把码头面貌改,唢呐领奏,,李复斌,,SN-DY0001,,总谱,,,,,,,,根据现代京剧《海港》同名唱段改编,
559,打枣,唢呐独奏,,曹文工,,SN-DZ0001,,总谱 分谱,,,,,,,,,
560,打枣,唢呐独奏,,李复斌,,SN-DZ0002,,总谱,,,,,,,,,
561,关中情,唢呐与乐队,梁欣,,,SN-GZ0001,,总谱,,,,,,,,,
562,黄土情,唢呐独奏,周东朝,,李复斌,SN-HT0001,,总谱 分谱 手写总谱,,,,,,,,,
563,黄土情,唢呐独奏,周东朝,,李复斌,SN-HT0001（2）,,总谱 分谱,,,,,,,,,
564,锔大缸,唢呐独奏,,吴安明,吴安明,SN-JD0001,,简总谱 简分谱,,,,,,,,,
,锔大缸,唢呐独奏,,吴安明,李复斌,SN-JD0001.2025,曲库电脑,总谱 分谱,✓,✓,,,,,,,
565,客家情话（客家婚嫁叙事）,编管唢呐协奏,李复斌,,,SN-KJ0001,,总谱 分谱,,,,,,,,,
566,梦归,唢呐独奏,赵士强,,,SN-MG0001,,手写总谱,,,,,,,,,
567,山村来了售货员,唢呐独奏,张晓蜂,李复斌,,SN-SC0001,,总谱,,,,,,,,,
568,胜利秧歌,唢呐独奏,,李复斌,,SN-SL0001,,总谱,,,,,,,,,
569,十送红军,唢呐与乐队,,李复斌,,SN-SS0001,,总谱 分谱,,,,,,,,,
570,十送红军,双唢呐与乐队,朱正本,李复斌,,SN-SS0001.2016,,总谱,,,,,,,,,
,十送红军,双唢呐与乐队,朱正本,李复斌,,SN-SS0001.2021,曲库电脑,总谱 分谱,✓,✓,,,,,,,
571,山之畅想,唢呐独奏,,,,SN-SZ0001,,分谱,,,,,,,,新锐民族管弦乐,
572,喜丰收,唢呐独奏,彭修文,,,SN-XF0001,,手写简总谱,,,,,,,,,
573,夜深沉,唢呐独奏,,王中山,李复斌,SN-YS0001.2018,,总谱,,,,,,,,,
574,一枝花,唢呐独奏,,,,SN-YZ0001,,总谱,,✓,✓,,,,,,
575,中国婚嫁,唢呐协奏,李复斌,,,SN-ZG0001.2010,,总谱,,,,,,,,,
,中国婚嫁,唢呐协奏（交响乐版）,李复斌,,,SN-ZG0001.2021,曲库电脑,总谱,✓,✓,,,,,,,
,中国婚嫁,唢呐独奏（钢琴伴奏版）,李复斌,,,SN-ZG0001.2022,曲库电脑,钢伴谱,✓,✓,,,,,,,
,中国婚嫁,唢呐协奏（民族乐队版）,李复斌,,,SN-ZG0001.2022.2,曲库电脑,总谱,✓,✓,,,,,,,
576,正月十五闹雪灯,唢呐独奏,刘英,李复斌,,SN-ZY0001.2006,,总谱 分谱,,,,,,,,,
577,欢乐渔港,喉管独奏,梁军,,,HG-HL0001,,总谱,,,,,,,,,
578,走西口,山西管子独奏,,,,HG-ZX0001,,手写总谱,,,,,,,,,
579,毕兹卡欢庆会,柳琴协奏,,,,LQ-BZ0001,,总谱,,,,,,,,,
580,春到沂河、打虎上山,柳琴独奏,王惠然,张大森,,LQ-CD0001,,手写总谱,,,,,,,,《打虎上山》改编：张典华、配伴奏：曹文工,
581,故土情愫,柳琴独奏,,,,LQ-GT0001,,总谱,,,,,,,,,
582,花,柳琴协奏,张永钦,,,LQ-H0001,,总谱,,,,,,,,,
583,江月琴声——读《琵琶行》有感,柳琴协奏,王惠然,,,LQ-JY0001.2018,,总谱,,,,,,,,,
584,蓝海之梦,柳琴与乐队,王惠然、王红艺,,,LQ-LH0001.2018,,总谱,,,,,,,,,
585,满族风情（Mv.I-IV）,柳琴组曲,刘锡津,,,LQ-MZ0001.2018,,手写总谱,,,,,,,,,
586,塔吉克舞曲（民乐队伴奏）,柳琴独奏,王惠然,,朱可圣,LQ-TJ0001.1985,,手写总谱,,,,,,,,,
587,弹起我心爱的土琵琶,柳琴独奏,,,,LQ-TQ0001.2018,,总谱,,,,,,,,,
588,雨后庭院,柳琴独奏,苏文庆、郑翠苹,陈怡蒨,,LQ-YH0001,,总谱,,,,,,,,,
589,云雀,柳琴与乐队,根据罗马尼亚民间乐曲改编,,,LQ-YQ0001,,总谱,,,,,,,,,
590,蝉之舞,扬琴独奏,许坚强,,,YQ-CZ0001,,简分谱,,,,,,,,,
591,凤凰于飞,扬琴与乐队,,桂习礼,朱毅,YQ-FH0001.1991,,手写总谱,,,,,,,,,
592,火把节之夜,扬琴独奏,吴俊生,王文亮,李复斌,YQ-HB0001,,简总谱 总谱,,,,,,,,,
593,火把节之夜,扬琴独奏,吴俊生,王文亮,李复斌,YQ-HB0001（2）,,总谱 分谱,,,,,,,,,
594,红河的春天,扬琴独奏,,李复斌,,YQ-HH0001,,手写简总谱,,,,,,,,,
595,黄河,双扬琴协奏,冼星海,李复斌,,YQ-HH0002,,总谱,,,,,,,,,
596,海峡音诗、苏武放羊,扬琴独奏,茅匡平、项祖华,,,YQ-HX0001.1982,,手写总谱,,,,,,,,,
597,孔雀开屏,扬琴独奏,何大傻,李复斌,李复斌,YQ-KQ0001.1992,,手写简总谱,,,,,,,,,
598,狂想曲（民乐版）,扬琴协奏,王丹红,,,YQ-KX0001,,总谱,,,,,,,,,
599,林冲夜奔,扬琴协奏,项祖华,,李复斌,YQ-LC0001,,简总谱 总谱,,,,,,,,,
600,苗岭的早晨、黄土情、节日的天山（旋律谱）,扬琴独奏（协奏）,,,,YQ-ML0001,,简总谱,,,,,,,,,
601,梦游天姥山（扬琴幻想曲）,扬琴独奏,徐坚强,,,YQ-MY0001.2008,,手写总谱,,,,,,,,,
602,明月清风,扬琴协奏,,,,YQ-MY0002.2015,,总谱 分谱,,,,,,,,,
603,清风明月,扬琴与乐队,房晓敏,,,YQ-QF0001.2018,,分谱,,,,,,,,,
604,萨埵,扬琴与室内乐队,冯俊豪,,,YQ-SD0001.2019,,总谱,,,,,,,,,
605,三峡画页（Mv.I）,扬琴协奏（独奏）,李复斌,,,YQ-SX0001.2006,,总谱 分谱,,,,,,,,,
606,三峡画页（Mv.I-III）,扬琴协奏,李复斌,,,YQ-SX0001.2007,,总谱,,,,,,,,,
,三峡画页（出版）,扬琴协奏（独奏）,李复斌,,,YQ-SX0001,曲库电脑,钢伴谱 总谱,✓,,,,,,,,
607,天山诗画,扬琴独奏,黄河,,李复斌,YQ-TS0001,,简总谱 总谱,,,,,,,,,
608,五洲万国有知音,扬琴,,李复斌,,YQ-WZ0001,,总谱,,,,,,,,,
609,峡,扬琴独奏,李复斌,,,YQ-X0001.2006,,总谱,,,,,,,,,
610,乡村抒怀,扬琴独奏,,李玲玲,李复斌,YQ-XC0001,,总谱 分谱,,,,,,,,,
611,阳光照耀在塔什库尔干,扬琴独奏,陈钢,,,YQ-YG0001,,总谱,,,,,,,,,
612,银河双星,扬琴独奏,根据广东音乐“银河会”“双星恨”改编,汤凯旋,汤凯旋,YQ-YH0001.2002,,手写简总谱,,,,,,,,,
613,音诗——沙迪尔传奇,扬琴,,,,YQ-YS0001,,手写简总谱,,,,,,,,,
614,忆事曲,扬琴协奏,刘惠荣,,,YQ-YS0002,,手写总谱,,,,,,,,,
615,春秋,琵琶协奏,唐建平,,,PP-CQ0001.1994/1998,,手写总谱,,,,,,,,,
616,彩云追月,琵琶二重奏,根据任光《彩云追月》改编,李复斌,,PP-CY0001,,总谱,,,,,,,,,
617,草原小姐妹,琵琶独奏,,阎惠昌,,PP-CY0002,,手写总谱 总谱 分谱,,,,,,,,,
618,火把节之夜,琵琶、中阮独奏,吴俊生,李复斌,,PP-HB0001,,总谱 分谱,,,,,,,,,
619,孔雀开屏,琵琶独奏,,,李复斌,PP-KQ0001,,总谱,,,,,,,,,
620,孔雀开屏,琵琶独奏,,李复斌,,PP-KQ0001.2016,,总谱,,,,,,,,,
621,狼牙五壮士,琵琶协奏,吕绍恩,,李复斌,PP-LY0001,,分谱,,,,,,,,,
622,狼牙五壮士,琵琶协奏,吕绍恩,,李复斌,PP-LY0001.2011,,总谱 分谱,,,,,,,,,
623,狼牙五壮士,琵琶协奏,吕绍恩,,李复斌,PP-LY0001.2015,,总谱,,,,,,,,,
,狼牙五壮士,琵琶协奏,吕绍恩,,李复斌,PP-LY0001.2021,曲库电脑,总谱,✓,✓,,,,,,,
624,琵琶语,琵琶与乐队,,李复斌,,PP-PP0001.2016,,总谱,,,,,,,,,
625,秦川抒怀,琵琶独奏,,,,PP-QC0001,,总谱,,,,,,,,,
626,秋声醒国魂,琵琶弹唱,,,彭继光,PP-QS0001,,手写简总谱,,,,,,,,,
627,诉——读“琵琶行”有感,琵琶协奏,吴厚元,李复斌,,PP-S0001.1997,,手写总谱,,,,,,,,,
628,诉——读“琵琶行”有感,琵琶协奏,吴厚元,李复斌,,PP-S0001.2006,,总谱 分谱,✓,✓,,,,,,,
629,诉——读“琵琶行”有感,琵琶协奏,吴厚元,李复斌,,PP-S0001.2006（2）,,总谱 分谱,,,,,,,,,
630,塞上曲,琵琶与乐队,,张大森,,PP-SS0001.1980,,手写总谱 总谱,,,,,,,,,
631,十面埋伏（刘海德演奏版）,琵琶独奏,,李复斌,,PP-SM0001,,简总谱,,,,,,,,,
632,十面埋伏（刘海德演奏版）,琵琶协奏,,,李复斌,PP-SM0001.2015,,总谱 分谱,,,,,,,,,
633,十面埋伏（刘海德演奏版）,琵琶协奏,,,李复斌,PP-SM0001.2015（2）,,总谱 分谱,,,,,,,,,
634,十面埋伏·霸王别姬,琵琶、京胡与乐队,,李复斌,,PP-SM0001.2024,,总谱 分谱,,,,,,,,分谱不完整,
635,天鹅,琵琶独奏,刘德海,丁家琳,,PP-TE0001,,总谱,,,,,,,,,
636,渭水情,琵琶独奏,,,,PP-WS0001,,手写简分谱,,,,,,,,,
637,阳春白雪（卫仲乐演奏谱）,琵琶独奏,,高鸿祥,,PP-YC0001,,总谱 分谱,,,,,,,,,
638,彝族舞曲,琵琶与乐队,王惠然,,王惠然,PP-YZ0001,,总谱,,,,,,,,,
639,云开日出,琵琶独奏与民族管弦乐队,陈思昂,,,PP-YK0001.2015,,总谱,,,,,,,,,
,云开日出,琵琶独奏与民族管弦乐队,陈思昂,,,PP-YK0001.2025,曲库电脑,总谱 分谱,✓,✓,,,,,,,
640,坐看云起,琵琶独奏与民族管弦乐队,陈思昂,,,PP-ZK0001.2013,,总谱,,,,,,,,,
641,草原抒怀,中阮独奏,林吉良,,李复斌,ZR-CY0001,,总谱,,,,,,,,,
642,飞歌,中阮,唐建平,,,ZR-FG0001.2002,,分谱,,,,,,,,不全,
643,火把节之夜,中阮、琵琶独奏,,,,ZR-HB0001,,总谱,,,,,,,,,
644,火把节之夜,中阮与民族管弦乐,吴俊生,,李复斌,ZR-HB0001,,总谱,,,,,,,,,
,满江红,中阮与钢琴,林吉良,,周煜国,ZR-MJ0001,曲库电脑,钢伴谱,,,,,,,,,
645,天山之春,中阮独奏,,李复斌,,ZR-TS0001.2002,,总谱 分谱,,,,,,,,,
646,丝路驼铃（三首）,中阮独奏,宁勇,,,ZR-SL0001,,简总谱 总谱,,,,,,,,沙漠之夜、天地之间第六号（二重奏）,
647,山歌,中阮独奏,刘星,,李复斌,ZR-SG0001,,总谱 分谱,,,,,,,,,
648,山歌,中阮独奏,刘星,李复斌,,ZR-SG0001,,总谱,,,,,,,,,
649,山歌,中阮独奏,刘星,,李复斌,ZR-SG0001.2018,,总谱,,,,,,,,,
650,云南回忆,中阮独奏,刘星,,李复斌,ZR-YN0001.1987/1995/1997,,手写总谱,,,,,,,,MvI P1-31、MvII P32-47、MvIII P48-94,
651,春到湘江,古筝独奏,宁保生,王中山,李复斌,GZ-CD0001,,总谱 分谱,,,,,,,,,
652,春江花月夜（古曲）,古筝重奏,,何占豪,,GZ-CJ0001,,总谱,,,,,,,,,
653,川流（快板）,古筝,,,,GZ-CL0001,,总谱,,,,,,,,,
654,出水莲（饶宁新演奏谱）,古筝独奏（广东汉乐合奏）,,李复斌,,GZ-CS0001,,总谱 分谱,,,,,,,,,
655,出水莲（饶宁新演奏谱）,古筝与室内乐队,,,李复斌,GZ-CS0001,,总谱,,,,,,,,,
656,出水莲（陈安华演奏谱）,古筝与乐队,,李复斌,,GZ-CS0001,,总谱 分谱,,,,,,,,,
657,出水莲,古筝管弦版,,,,GZ-CS0001,,分谱,,,,,,,,,
658,禅院钟声,古筝与乐队,,李复斌,,GZ-CY0001.2008,,总谱 分谱,,,,,,,,,
659,春与荔枝湾,古筝独奏,黄德兴,李复斌,,GZ-CY0001.2014,,总谱,,,,,,,,,
660,打虎上山,古筝与乐队,,赵曼琴,陶承志,GZ-DH0001,,总谱,,,,,,,,,
661,翡翠,古筝重奏,王丹红,周展,,GZ-FC0001,,总谱,,,,,,,,,
662,枫桥夜泊,古筝与民族管弦乐,王建民,,李复斌,GZ-FQ0001.2011,,分谱,,,,,,,,不全,
663,四季岭南（古筝·立春）,古筝,李复斌,,,GZ-SJ0001,,总谱 分谱,,,,,,,,,
664,四季岭南（古筝·立春）,古筝,李复斌,,,GZ-SJ0001（2）,,总谱,,,,,,,,,
665,欢乐的日子,古筝重奏,马圣龙,傅华强、沙里晶,,GZ-HL0001,,简总谱,,,,,,,,,
666,黄土情,古筝独奏,黄河,,,GZ-HT0001,,简总谱 分谱,,,,,,,,,
667,寒鸦戏水,古筝独奏,,,,GZ-HY0001,,手写总谱,,,,,,,,,
668,寒鸦戏水,古筝独奏,,,李复斌,GZ-HY0001,,总谱,,,,,,,,,
669,寒鸦戏水,古筝独奏,,,李复斌,GZ-HY0001,,总谱 分谱,,,,,,,,,
670,镜海晓梦（古筝与民族管弦乐队）,古筝独奏,王瑞,蔡晓琳,,GZ-JH0001,,总谱,,,,,,,,,
671,将军令（项斯华演奏谱）,古筝与乐队,,,李复斌,GZ-JJ0001.2016,,总谱,,,,,,,,,
672,将军令（项斯华演奏谱）,古筝独奏,,,李复斌,GZ-JJ0001,,总谱,,,,,,,,,
673,蕉石鸣琴,古筝与弦乐,吕文成,李复斌,,GZ-JS0001,,总谱,,,,,,,,,
674,狂想曲,古筝与小乐队,三木稔,黄晓飞,,GZ-KX0001,,总谱,,,,,,,,,
675,临安遗恨,古筝协奏,,何占豪,,GZ-LA0001,,总谱,,,,,,,,,
676,莲花谣（短板）,古筝与乐队,王建民,,,GZ-LH0001,,总谱 分谱,✓,,,,,,,,
677,琉璃误,古筝三重奏,,,,GZ-LL0001,,简总谱,,,,,,,,,
678,梁祝,古筝协奏,何占豪、陈钢,,,GZ-LZ0001,,手写总谱,,,,,,,,,
679,弥渡山歌,古筝与打击乐,尹宜众,李复斌,,GZ-MD0001.2014,,总谱,✓,✓,,,,,,,
680,孟姜女随想曲,古筝与乐队,,,曹文工,GZ-MJ0001.2013,,总谱 分谱,,,,,,,,,
681,孟姜女随想曲,古筝与乐队,,,曹文工,GZ-MJ0001.2013（2）,,总谱,,,,,,,,,
682,秋,古筝二重奏,,朱晓谷,,GZ-Q0001,,简总谱,,,,,,,,,
683,庆典序曲,古筝与钢琴,,,,GZ-QD0001,,总谱,,,,,,,,,
684,清明上河图,古筝三重奏,刘为光,林玲,,GZ-QM0001,,简总谱,,,,,,,,,
685,山丹丹开花红艳艳,古筝独奏,刘烽,李复斌,,GZ-SD0001.2016,,总谱,,,,,,,,,
686,四季岭南（古筝·立春）,古筝,李复斌,,,GZ-SJ0001,,总谱,,,,,,,,,
687,四季未央,古筝二重奏,,,,GZ-SJ0001,,总谱,,,,,,,,,
688,四季未央·春生之木,古筝四重奏,于明洁,,,GZ-SJ0001,,简总谱,,,,,,,,,
689,三峡画页I、II,古筝、扬琴协奏,李复斌,,,GZ-SX0001,,总谱 分谱,,,,,,,,,
690,卧虎藏龙,古筝协奏,谭盾,吴莉,陶一陌,GZ-WH0001,,总谱,,,,,,,,,
691,西凉沙影,古筝,,,,GZ-XL0001.2020,,总谱,,,,,,,,,
692,西域随想、莲花谣,古筝独奏,王建民,,,GZ-XY0001,,总谱,,,,,,,,,
693,乡韵,古筝独奏,周煜国,,,GZ-XY0001,,总谱,,,,,,,,,
694,炎,古筝三重奏,水野利彦,,,GZ-Y0001,,总谱,,,,,,,,,
695,岳飞,古筝协奏,张殿英,,,GZ-YF0001,,手写总谱,,,,,,,,,
696,夜深沉,古筝独奏,,王中山,李复斌,GZ-YS0001,,总谱,,,,,,,,,
697,彝族舞曲,古筝独奏,,,,GZ-YZ0001,,总谱,,,,,,,,,
698,云之南,古筝三重奏,,袁莎、袁莉,,GZ-YZ0002,,简总谱,,,,,,,,,
699,逐梦,古筝四重奏,赵沁旸、陈蓓萱,,,GZ-ZM0001,,总谱,,,,,,,,,
700,巴山之舞,打击乐与民族管弦乐,李复斌,,,DJ-BS0001,,总谱,✓,✓,,,,,,,
701,潮乡情,潮州大锣鼓,黄唯奇,,,DJ-CX0001,,手写简总谱 手写简分谱,,,,,,,,,
702,东郭先生与狼,打击乐协奏,李复斌,,,DJ-DG0001.2024,,总谱,,,,,,,,,
703,画眉跳架,潮州小锣鼓,林运喜,,,DJ-HM0001.1995,,总谱,,,,,,,,,
704,画眉跳架,潮州小锣鼓,,,,DJ-HM0002,,手写简分谱,,,,,,,,,
705,老虎磨牙,西安鼓乐,,,,DJ-LH0001,,总谱 分谱,,,,,,,,,
706,龙年新世纪 Mv.I 太阳,打击乐协奏,关乃忠,,,DJ-LN0001,,分谱,,,,,,,,,
707,马林巴曲集,打击乐,,,,DJ-ML0001,,总谱,,,,,,,,,
708,南海佛灯,庙堂鼓乐,,黄唯奇,李复斌,DJ-NH0001,,总谱 手写简总谱,,,,,,,,,
709,算盘,算盘与乐队,,,,DJ-SP0001,,总谱 分谱,,,,,,,,,
710,社庆,潮州大锣鼓,,陈估辉,余亦文,DJ-SQ0001.1988,,手写总谱,,,,,,,,,
711,狮子戏球,潮州小锣鼓,,黄唯奇、陈博,黄唯奇、陈博,DJ-SZ0001,,手写简总谱,,,,,,,,,
712,太阳,打击乐与乐队,,,,DJ-TY0001,,总谱 分谱,,,,,,,,,
713,夜深沉,打击乐,,,,DJ-YS0001,,手写简总谱,,,,,,,,,
714,走马（走马英雄）,木琴独奏,根据吕文成《大开门》改编,汤凯旋,汤凯旋,DJ-ZM0001.2008,,手写总谱,,,,,,,,,
715,春到田间,高胡独奏,,李复斌,,GH-CD0001,,简总谱 分谱,,,,,,,,,
716,春到田间,高胡独奏,,李复斌,,GH-CD0001,,总谱 分谱,,,,,,,,,
717,春之岭南,高胡独奏,李复斌,,,GH-CZ0001,,总谱,,,,,,,,,
718,汉宫秋乐,高胡/椰胡与乐队,,李复斌,,GH-HG0001.2018,,总谱,,,,,,,,,
719,黄花浩气,高胡协奏,马韦雄,,马韦雄,GH-HH0001,,手写总谱,,,,,,,,,
720,荷塘闻歌,高胡独奏,吴远雄,,,GH-HT0001,,总谱 分谱,,,,,,,,,
721,凯旋,高胡独奏,陈俊英,,汤凯旋,GH-KX0001.2006,,手写简总谱,,,,,,,,,
722,凯旋,高胡独奏,,,,GH-KX0002,,总谱,,,,,,,,,
,凯旋,高胡独奏,陈俊英,,李复斌,GH-KX0002.2018,,总谱 分谱,✓,✓,,,,,,,
723,莱村女,高胡与乐队,房晓敏,,,GH-LC0001.1995,,手写简总谱 手写简分谱,,,,,,,,,
724,鸟投林,高胡独奏,,,李复斌,GH-NT0001.1998,,总谱,,,,,,,,,
725,鸟投林,高胡独奏,易剑泉,,李复斌,GH-NT0001.2018,,总谱,✓,✓,,,,,,,
726,你向世界走去,高胡,,,,GH-NX0001,,分谱,,,,,,,,,
727,秋江水云,高胡协奏,余乐夫,余乐夫,余乐夫,GH-QJ0001,,总谱,,,,,,,,,
728,琴诗,高胡独奏,,,,GH-QS0001,,手写总谱,,,,,,,,,
729,思念,高胡独奏,齐飞,,李复斌,GH-SN0001,,总谱 分谱,,,,,,,,,
,粤语心扉,高胡与乐队,李复斌,,,GH-YY0001,曲库电脑,总谱,,✓,,,,,,,
,粤语心扉（短板）,高胡与乐队,李复斌,,,GH-YY0001.2022,曲库电脑,总谱 分谱,✓,✓,,,,,,,
730,珠水人家,高胡领奏,李复斌,,,GH-ZS0001,,总谱 分谱,,,,,,,,,
731,妆台秋思,高胡与乐队,,李助炘,,GH-ZT0001.1996,,手写总谱,,,,,,,,,
732,昭君怨,高胡与乐队,根据广东音乐古曲改编,李助炘,,GH-ZZ0001.1997,,手写总谱,,,,,,,,,
733,长城随想I-IV,二胡协奏,刘文金,,,EH-CC0001,,手写总谱,,,,,,,,I不全，缺II,
734,长城随想I,二胡协奏,刘文金,,,EH-CC0001.1993,,手写分谱,,,,,,,,,
735,长城随想I,二胡协奏,刘文金,,,EH-CC0001.1993(2),,手写分谱,,,,,,,,,
736,长城随想III,二胡协奏,刘文金,李复斌,,EH-CC0001.1997,,手写总谱,,,,,,,,,
737,长城随想I,二胡协奏,刘文金,,李复斌,EH-CC0001.2015,,总谱,,,,,,,,,
738,长城随想I、IV,二胡独奏,刘文金,,李复斌,EH-GS0001.2015,,总谱,,,,,,,,,
739,长城随想I,二胡协奏,刘文金,李复斌,,EH-CC0001.1.2017,,总谱,✓,✓,,,,,,,
740,长城随想IV,二胡协奏,刘文金,,李复斌,EH-CC0001.4.2017,,总谱,✓,✓,,,,,,,
741,春晓,二胡协奏,陈中申,,,EH-CX0001.1995,,手写简总谱 手写简分谱,,,,,,,,,
742,岛歌,二胡独奏,,,,EH-DG0001,,总谱,,,,,,,,,
743,第一二胡狂想曲,二胡独奏,王建民,,,EH-DY0001.1999,,总谱,,,,,,,,,
744,二泉映月,二胡,,,,EH-EQ0001,,手写简分谱,,,,,,,,,
745,二泉映月,阮咸与二胡,,,,EH-EQ0001,,总谱,,,,,,,,,
746,二泉映月,二胡、筝、大提三重奏,华彦钧,,,EH-EQ0001,,总谱 简总谱,,,,,,,,,
747,二泉映月,二胡与民族管弦乐,华彦钧,彭修文,,EH-EQ0001.1980,,总谱,,,,,,,,,
748,二泉映月,古琴、箫、二胡三重奏,华彦钧,刘湲,,EH-EQ0001.1987,,手写总谱,,,,,,,,,
749,二泉映月,二胡与民族乐队,,李复斌,,EH-EQ0001.2013,,总谱 分谱,,,,,,,,,
750,二泉映月,二胡与合唱,华彦钧,李复斌,李复斌,EH-EQ00012017,,总谱,,,,,,,,,
751,洪湖主题随想,二胡与乐队,张敬安、欧阳谦叔,闵惠芬、朴东生,,EH-HH0001.1981,,总谱,,,,,,,,,
752,红梅随想曲,二胡协奏,,吴厚元,,EH-HM0001.1994,,手写总谱 总谱 分谱,,,,,,,,,经典作品
753,红梅随想曲（最短版本）,二胡协奏,,吴厚元,,EH-HM0001,,分谱,,,,,,,,,经典作品
754,红梅随想曲（最短版本）,二胡协奏,,吴厚元,,EH-HM0001（2）,,总谱 分谱,,,,,,,,,经典作品
,红梅随想曲（短板）,二胡协奏,,吴厚元,,EH-HM0001.2024,曲库电脑,总谱 分谱,✓,✓,,,,,,,经典作品
,红梅随想曲,二胡协奏,,吴厚元,李复斌,EH-HM0001.2025,曲库电脑,总谱 分谱,✓,✓,,,,,,,经典作品
755,红梅主题随想（根据歌剧《江姐》创作）,二胡独奏,李复斌,,,EH-HM0001.2019,,总谱,,,,,,,,,
756,江河水,二胡与双钢琴,黄海怀,李复斌,李复斌,EH-JH0001,,总谱,,,,,,,,,
757,江河水,二胡与乐队,黄海怀,赵德义、李复斌,赵德义、李复斌,EH-JH0001.1999,,手写总谱 总谱 分谱,,,,,,,,,
758,江河水,二胡,,,李复斌,EH-JH0001.2015,,分谱,,,,,,,,,
759,江河水,电子交响乐,,,李复斌,EH-JH0001.2009,,总谱,,,,,,,,,
760,江河水,二胡,,,李复斌,EH-JH0001.2009,,总谱 分谱,,,,,,,,无管乐,
761,江河水,二胡,,,李复斌,EH-JH0001.2009,,总谱 分谱,,,,,,,,无古筝、无低音吉他,
762,江河云梦,二胡独奏,梁云江,,,EH-JH0001,,总谱,,,,,,,,,
763,客风,二胡、梆笛协奏,房晓敏,,,EH-KF0001.2015,,总谱,,,,,,,,,
764,莱村女,二胡协奏,,,,EH-LC0001.2015,,总谱 分谱,,,,,,,,,
765,兰花花叙事曲,二胡独奏,关铭,,,EH-LH0001,,简总谱 简分谱,,,,,,,,,
766,葡萄熟了,二胡独奏,周维,,,EH-PT0001,,简总谱 简分谱,,,,,,,,,
767,清明上河图之城关图（中国音画）,二胡独奏,史志有,,,EH-QM0001,,总谱,,,,,,,,,
768,乔家大院Mv.III爱情,二胡独奏与钢琴,赵季平,,,EH-QJ0001,,总谱,,,,,,,,,
769,秦腔主题随想曲,二胡独奏,,赵震霄、鲁日融,,EH-QQ0001,,总谱,,,,,,,,,
770,秋韵(太行山歌谣主题曲的回旋与变奏),二胡与乐队,刘文金,,,EH-QY0001,,手写总谱,,,,,,,,,
771,我的祖国,二胡协奏,梁炽,李复斌,,EH-WD0001,,总谱,,,,,,,,,
,我的祖国+烽火操,二胡协奏,王丹红、刘文金,李复斌,,EH-WD0002,曲库电脑,总谱,,✓,,,,,,慢板王丹红《我的祖国》、快板刘文金《烽火操》,红歌
772,喜唱丰收,二胡独奏与筝,杨惠林、许讲德,,李复斌,EH-XC0001,,总谱,,,,,,,,,
773,弦歌吟,二胡协奏,李博禅,,,EH-XG0001.2016,,总谱,,,,,,,,,
774,新婚别,二胡协奏,张晓峰、朱晓谷,,,EH-XH0001,,总谱 手写总谱,,,,,,,,,
775,弦意岭南,二胡独奏,王丹红,,,EH-XY0001,,总谱,,,,,,,,,
776,一枝花,二胡独奏,,张式业,李复斌,EH-YZ0001,,总谱 分谱,,,,,,,,,
777,中国西部掠影（三首）,二胡独奏,Ke Xu、李复斌,,,EH-ZG0001.2004,,简总谱 总谱,,,,,,,,眼泪、黄沙·古道、大漠·敦煌,
778,中国锣鼓,二胡与打击乐,,李复斌,,EH-ZG0002.2018,,总谱,,,,,,,,,
779,战马奔腾,二胡独奏,陈耀星,,李复斌,EH-ZM0001,,总谱 分谱,✓,✓,,,,,,,
780,草原上,中胡独奏,刘明源,,,ZH-CY0001,,简总谱,,,,,,,,,
781,阿月出嫁,葫芦丝独奏,,,,HL-AY0001,A6-4,总谱,,,,,,,,,
782,灞柳情,葫芦丝独奏,王厚臣,李复斌,,HL-BL0001,A6-4,总谱 分谱,,,,,,,,,
,灞柳情,葫芦丝独奏,王厚臣,李复斌,,HL-BL0002,曲库电脑,总谱,,✓,,,,,,,
783,春满傣乡,葫芦丝独奏,,,,HL-CM0001,A6-5,总谱 分谱,,,,,,,,,
784,打跳欢歌,葫芦丝独奏,李春华,,,HL-DT0001,A6-5,总谱,,,,,,,,,
785,断桥残月,葫芦丝独奏,李春华,李复斌,,HL-DQ0001,A6-5,总谱 分谱,,,,,,,,,
786,多情的巴乌,葫芦丝独奏,,李复斌,,HL-DQ0002,A6-5,总谱,,,,,,,,,
787,飞天——敦煌壁画幻想曲,葫芦丝与乐队,,李复斌,,HL-FT0001.2016,A6-5,总谱,,,,,,,,,
788,篝火狂欢夜,葫芦丝独奏,,,,HL-GH0001,A6-5,总谱,,,,,,,,,
789,欢歌弦舞,葫芦丝独奏,李贵中,李复斌,,HL-HG0001,A6-5,总谱 分谱,,,,,,,,,
790,京调,葫芦丝独奏,顾冠仁,李复斌,,HL-JD0001,A6-5,总谱 分谱,,,,,,,,,
791,孔雀河的传说,葫芦丝协奏,李复斌,,,HL-KQ0001.2013,A6-5,总谱,,,,,,,,,
792,孔雀河的传说,葫芦丝协奏,李复斌,,,HL-KQ0001.2014,A6-5,总谱,,,,,,,,,
793,梨花雨,葫芦丝独奏,,,,HL-LH0001,A6-5,总谱 分谱,,,,,,,,,
794,我和你,葫芦丝独奏,,,,HL-WH0001,A6-5,总谱 分谱,,,,,,,,,
795,雪莲花开,葫芦丝独奏,李春华,李复斌,,HL-XL0001,A6-5,总谱 分谱,,,,,,,,,
796,炫动时光,葫芦丝独奏,,,,HL-XD0001,A6-5,总谱,,,,,,,,,
797,野狼,葫芦丝合奏,,,,HL-YL0001,A6-5,总谱 分谱,,,,,,,,,
798,月光下的凤尾竹,葫芦丝独奏,施光南,李复斌,,HL-YG0001,A6-5,总谱,,,,,,,,,
799,月光下的凤尾竹,葫芦丝独奏,施光南,李复斌,,HL-YG0001（2）,A6-5,总谱,,,,,,,,,
,春暖花乡,葫芦丝与管弦乐队,李春华,杨春林,,HL-CN0002,A6-5袋内,总谱,,,,,,,,A3，音乐会常用,
,打跳欢歌,葫芦丝与管弦乐队,李春华,杨春林,,HL-DT0002,A6-5袋内,总谱,,,,,,,,A3，音乐会常用,
,大鱼,葫芦丝与管弦乐队,钱雷,,,HL-DY0003,A6-5袋内,总谱,,,,,,,,A3，音乐会常用,
,但愿人长久,葫芦丝与管弦乐队,梁弘志,滕坤,,HL-DY0004,A6-5袋内,总谱,,,,,,,,A3，音乐会常用,
,多情的巴乌,葫芦丝与管弦乐队,张汉举,杨春林,,HL-DQ0005,A6-5袋内,总谱,,,,,,,,A3，音乐会常用,
,断桥残月,葫芦丝与管弦乐队,杨春林,,,HL-DQ0006,A6-5袋内,总谱,,,,,,,,A3，音乐会常用,
,孤独的黑骏马,葫芦丝与管弦乐队,李春华,,,HL-GD0002,A6-5袋内,总谱,,,,,,,,A3，音乐会常用,
,欢歌弦舞,葫芦丝与管弦乐队,李贵中,马骥,,HL-HG0002,A6-5袋内,总谱,,,,,,,,A3，音乐会常用,
,蓝色香巴拉,葫芦丝与管弦乐队,李春华,马骥,,HL-LS0002,A6-5袋内,总谱,,,,,,,,A3，音乐会常用,
,梨花雨,葫芦丝与管弦乐队,李春华,,,HL-LH0003,A6-5袋内,总谱,,,,,,,,A3，音乐会常用,
,木鼓神韵,葫芦丝与管弦乐队,李春华,马骥,,HL-MG0001,A6-5袋内,总谱,,,,,,,,A3，音乐会常用,
,赛马变奏曲,葫芦丝与管弦乐队,黄海怀,李春华,杨春林,HL-SM0001,A6-5袋内,总谱,,,,,,,,A3，音乐会常用,
,上海滩,葫芦丝与管弦乐队,顾嘉辉,滕坤,,HL-SH0002,A6-5袋内,总谱,,,,,,,,A3，音乐会常用,
,山丹丹开花红艳艳,葫芦丝与管弦乐队,陕北民歌,杨春林,,HL-SD0003,A6-5袋内,总谱,,,,,,,,A3，音乐会常用,
,山之子,葫芦丝与管弦乐队,,,,HL-SZ0004,A6-5袋内,总谱,,,,,,,,A3，音乐会常用,
,天边,葫芦丝与管弦乐队,,,,HL-TB0001,A6-5袋内,总谱,,,,,,,,A3，音乐会常用,
,我爱你中国,葫芦丝与管弦乐队,郑秋枫,,,HL-WA0002,A6-5袋内,总谱,,,,,,,,A3，音乐会常用,
,雪莲花开,葫芦丝与管弦乐队,,李春华,,HL-XL0002,A6-5袋内,总谱,,,,,,,,A3，音乐会常用,
,月光下的凤尾竹,葫芦丝与管弦乐队,施光南,,,HL-YG0002,A6-5袋内,总谱,,,,,,,,A3，音乐会常用,
,新编夜深沉,葫芦丝与管弦乐队,京剧曲牌,金田工作室,,HL-XB0003,A6-5袋内,总谱,,,,,,,,A3，音乐会常用,
,竹林深处,葫芦丝与管弦乐队,杨正玺、龚全国,金田工作室,,HL-ZL0001,A6-5袋内,总谱,,,,,,,,A3，音乐会常用,
,竹楼情歌F大调,葫芦丝与管弦乐队,,,,HL-ZL0002,A6-5袋内,总谱,,,,,,,,A3，音乐会常用,
,竹楼情歌降B大调,葫芦丝与管弦乐队,,,,HL-ZL0002.2,A6-5袋内,总谱,,,,,,,,A3，音乐会常用,
800,乱云飞,京胡领奏,根据现代京剧《杜鹃山》同名唱段改编,李复斌,,JH-LY0001,,总谱,,,,,,,,,
801,迎春,京胡与乐队,邹野,,,JH-YC0001,,总谱,,,,,,,,,
802,夜深沉,京胡独奏,京胡曲牌,,李复斌,JH-YS0001,,总谱 分谱,,,,,,,,,
803,汉宫秋月,椰胡独奏,,李复斌,,YH-HG0001.2016,,总谱,,,,,,,,,
804,渔歌(《北方素描》Mv.III),月琴协奏,,,,YU-YG0001,,总谱,,,,,,,,,
805,铁达尼号,排箫独奏,,,,PA-TD0001,,手写简总谱,,,,,,,,,
806,嵩山印象（Mv.I、II）,柳琴、琵琶双协奏,王惠然、王红艺,,,MC-SS0001,,总谱,,,,,,,,第一乐章嵩山情怀、第二乐章少林神功,
807,三峡画页（Mv.III）,木琴、扬琴独奏,李复斌,,,MC-SX0001,,总谱 分谱,,,,,,,,,
,山歌,中阮、柳琴与乐队,刘星,,李复斌,MC-SG0003,,总谱 分谱,✓,✓,,,,,,,
808,月圆曲,高胡、古筝、洞箫与民族管弦乐,,李复斌,,MC-YY0001,,总谱 分谱 简分谱,,,,,,,,,
809,自由探戈,笙、大提琴与乐队,皮亚佐拉,李复斌,,MC-ZY0001.2015,,总谱,,,,,,,,,
810,出埃及记,钢琴与民族乐队,Tonci Huljic,李复斌,,PN-CA0001.2010,,总谱 分谱,,,,,,,,,
811,黄河（Mv.II、III、IV）,钢琴,,,,PN-HH0001,,总谱 分谱,,,,,,,,,
812,黄河（Mv.I）,钢琴协奏,,李复斌,,PN-HH0001.2010,,总谱 分谱,,,,,,,,,
813,青年钢琴协奏曲,钢琴及民族管弦乐,刘诗昆、孙亦林、潘一鸣、黄晓飞,,,PN-QN0001,,总谱,,,,,,,,,
814,远野物语,钢琴solo,,,,PN-YY0001,,手写简总谱,,,,,,,,,
815,党的女儿之《万里春色满家园》,歌剧、女声独唱,王祖皆、张卓娅,,李复斌,VO-DD0001.2017,,总谱,,,,,,,,,
816,第四协奏（Mv.I）,小提琴协奏,李自立,,,VN-DS0001,,分谱,,,,,,,,,
817,第四协奏（Mv.II）,小提琴协奏,李自立,,,VN-DS0001,,分谱,,,,,,,,,
818,第四协奏（Mv.III）,小提琴协奏,李自立,,,VN-DS0001,,总谱 分谱,,,,,,,,,
819,梁山伯与祝英台,小提琴协奏,何占豪、陈钢,,,VN-LS0001,,分谱,,,,,,,,,
820,莫扎特：小夜曲（两首）,小提琴,,,,VN-XY0001,,总谱 手写总谱,,,,,,,,天鹅湖（组曲之一）、向基尔致敬,
821,敖包相会、平安颂,声乐,李复斌,,,VO-AB0001,A1-1,总谱 分谱,,,,,,,,,
,敖包相会,声乐独唱,通福,,丁家琳,VO-AB0002,A1-1,总谱 分谱,,,,,,,,,
822,爱的罗曼史,吉他与乐队,叶佩斯,殷飚,李复斌,VO-AD0001,A1-1,总谱 分谱,,,,,,,,,
,爱像一首歌,声乐独唱,三木尤贺志,,,VO-AX0001,A1-1,总谱 分谱,,,,,,,,,
823,啊，我的虎子哥——选自歌剧《原野》,歌剧,金相,,李复斌,VO-AW0001.2010,A1-1,总谱 分谱,,,,,,,,,
,爱我中华,歌曲独唱,徐沛东,,李复斌,VO-AW0002,A1-1,总谱 分谱,,,,,,,,,
824,步步高,声乐,吕文成,,曹文工,VO-BB0001,A1-1,总谱 分谱,,,,,,,,,
825,步步高,演唱版,,,,VO-BB0001,A1-1,总谱 分谱,,,,,,,,,
826,北京北京,歌曲,胡力,,李复斌,VO-BJ0001,A1-1,总谱 分谱,,,,,,,,,
827,北京北京,歌曲,胡力,,李复斌,VO-BJ0001,A1-1,总谱,,,,,,,,,
828,白毛女杨白劳咏叹调“十里风雪”,歌剧,,,李复斌,VO-BM0001.2019,A1-1,总谱,,,,,,,,,
829,白毛女《北风吹/序曲》,歌剧,,,,VO-BM0001,A1-1,总谱,,,,,,,,,
830,白毛女《恨似高山仇似海》,歌剧,马可、张鲁、翟伟、焕之、向隅、陈紫、刘炽,,,VO-BM0001,A1-1,总谱,,,,,,,,,
831,白毛女《红枣舞》《喜儿哭诉》《十里风雪》,歌剧,,李复斌,,VO-BM0001,A1-1,总谱,,,,,,,,,
,卜算子-咏梅,独唱,孙玄龄,李复斌,,VO-BS0001,A1-1,总谱,,,,,,,,,
,博望侯·张骞,歌剧独唱,张玉龙,龚国富,,VO-BW0001.2005.6.6,A1-1,总谱,,,,,,,,,
832,把一切献给党,男高音独唱,印青,,李复斌,VO-BY0001.2016,A1-2,总谱 分谱,,,,,,,,,
833,猜调,民歌,,,,VO-CD0001,A1-2,手写总谱,,,,,,,,,
,晨风在珠三角吹过,粤语歌曲,黄德兴,,,VO-CF0001·2005·6·6,A1-2,总谱,,,,,,,,,
834,船歌,印尼民歌,,,,VO-CG0001,A1-2,简总谱,,,,,,,,,
,船歌,独唱,,李复斌,李复斌,VO-CG0002（1）,A1-2,总谱 分谱,,,,,,,,,
,船歌,独唱,,李复斌,李复斌,VO-CG0002（2）,A1-2,总谱,,,,,,,,,
835,春江花月夜,声乐随想曲,徐景升,,李助炘,VO-CJ0001.2001,A1-2,手写总谱,,,,,,,,,
836,潮声,男声合唱,孟卫东,,,VO-CS0001.2021,A1-2,简总谱 总谱,,,,,,,,,
837,彩云追月,女高独唱,,李复斌,,VO-CY0001,A1-2,分谱,,,,,,,,,
838,草原·牧歌·雄鹰,人声,,,,VO-CY0002,A1-2,总谱 分谱,,,,,,,,,
839,草原之夜,男高音独唱,,,,VO-CY0003,A1-2,手写总谱,,,,,,,,,
840,草原之夜,独唱,,周熙杰,,VO-CY0003,A1-2,总谱,,,,,,,,,
,草原之夜,独唱,,周熙杰,,VO-CY0003,A1-2,总谱 分谱,,,,,,,,,
841,潮州联谊会会歌,歌曲,马明,李复斌,,VO-CZ0001.2005,A1-2,总谱 分谱 简总谱,,,,,,,,,
,春之韵珠江赋（演唱：梁玉嵘）,歌曲,李复斌,,,VO-CZ0002·2015·1.9,A1-2,总谱,,,,,,,,,
842,对花,声乐,,于化新,,VO-DH0001,A1-2,分谱,,,,,,,,,
,对花,声乐独唱,,于化新,,VO-DH0001,A1-2,总谱 分谱,,,,,,,,,
843,独上西楼,歌曲,刘家昌,李复斌,,VO-DS0001,A1-2,总谱,,,,,,,,演唱：邓丽君,
,独上西楼,歌曲独唱,刘家昌,,,VO-DS0002,A1-2,总谱 分谱,,,,,,,,,
844,但愿人长久（水调歌头）,歌曲,梁弘志,,,VO-DY0001,A1-3,简总谱,,,,,,,,,
845,放飞梦想（大歌舞）,2男2女四人领唱,李复斌,,,VO-FF0001.2007,A1-3,总谱,,,,,,,,,
846,放风筝,女声,小调、河北南皮民歌,,,VO-FF0002,A1-3,分谱,,,,,,,,,
847,佛山颂,南音弹唱,汤凯旋,,,VO-FS0001,A1-3,简总谱,,,,,,,,演唱：梁玉嵘,
,发现散包,独唱,,,,VO-FX0001,A1-3,简谱  总谱,,,,,,,,,
848,风雨同路,歌曲,简美京平,李复斌,,VO-FY0001,A1-3,总谱 分谱,,,,,,,,演唱：梁玉嵘,
,广东汉乐新三百首  小调类,汉乐歌曲,,,,VO-GD0001,A1-3,简谱,,,,,,,,,
849,贵妃醉酒,歌曲独唱,胡力,,李复斌,VO-GF0001.2013,A1-3,总谱 分谱,,,,,,,,,
850,光辉岁月,歌曲独唱,Beyong,,,VO-GH0001,A1-3,总谱,,,,,,,,,
851,歌剧魅影,歌剧独唱,Lloyd Webber,,李复斌,VO-GJ0001.2015,A1-3,总谱,,,,,,,,,
852,共筑中国梦,女高女低,,,,VO-GZ0001,A1-3,总谱,,,,,,,,,
853,恨,民族女高合唱,李复斌,,,VO-H0001,A1-3,手写总谱,,,,,,,,,
,和风小送畦土香,女声独唱,,梁军,,VO-HF0001,A1-3,总谱,,,,,,,,,
854,好歌唱给好人听,女高、女低、男中,,,,VO-HG0001,A1-4,总谱,,,,,,,,,
855,洪湖赤卫队——韩母、韩英对唱,歌剧,,,,VO-HH0001,,总谱,,,,,,,,三份不同的总谱,
856,洪湖赤卫队——看天下劳苦人民都解放（韩英唱段、刘闯唱段）,歌剧,董乐弦,李复斌,,VO-HH0001.2006,,总谱 分谱,,,,,,,,,
857,洪湖赤卫队——保卫家乡,歌剧,张敬安、欧阳谦叔,李复斌,,VO-HH0001,,总谱,,,,,,,,,
858,洪湖赤卫队——没有眼泪、没有悲伤,歌剧,张敬安、欧阳谦叔,李复斌,,VO-HH0001.2006,,总谱 分谱,,,,,,,,,
859,好汉歌,声乐,赵季平,曹文工,,VO-HH0002,,总谱 分谱,,,,,,,,,
860,好汉歌、平安颂,歌曲,,,,VO-HH0002,,分谱,,,,,,,,,
861,荷花赋（寄调）,独唱与乐队,,李复斌,,VO-HH0003,,总谱 分谱,,,,,,,,,
862,黄河,双排键与合唱,,李复斌,,VO-HH0004,,总谱 分谱,,,,,,,,,
,洪湖-序曲,声乐,,李复斌,,VO-HH0005,,总谱 分谱,,,,,,,,,
863,红楼梦组曲之八、枉凝眉,独唱合唱,王立平,李复斌,,VO-HL0001.2011,,总谱 分谱,,,,,,,,,
864,红楼梦之十五、葬花吟,女独,王立平,李复斌,,VO-HL0001.2011,,总谱 分谱,,,,,,,,,
865,红梅赞,独唱,,,,VO-HM0001,,总谱,,,,,,,,,
866,曲04花梦,女声独唱,孟卫东,,李复斌,VO-HM0001.2021,,总谱 简总谱,,,,,,,,大型民族交响组曲《簕杜鹃与金莲花》曲4,
867,好日子,独唱,士心,,李复斌,VO-HR0001,,总谱 分谱,,,,,,,,,
868,好日子,歌曲,李昕,,,VO-HR0001,,总谱,,,,,,,,,
869,何日再见,歌曲,,,,VO-HR0001,,简总谱,,,,,,,,誓言、心声、东方之珠、鲁冰花、雨中交响曲、只要为你活一天,
870,海上生明月,女声独唱,李复斌,,,VO-HS0001,,总谱,,,,,,,,,
871,和.我们共唱的歌,男声独唱,,李复斌,,VO-HW0001,,总谱 分谱,,,,,,,,,
872,花月影——花月情、明月清辉,独唱,,李复斌,,VO-HY0001,,总谱,,,,,,,,,
873,曲10和韵,女高独唱与混声合唱,孟卫东,,李复斌,VO-HY0002,,简总谱,,,,,,,,大型民族交响组曲《簕杜鹃与金莲花》,
874,海韵,歌曲,古月,,,VO-HY0003,,简分谱 手写总谱,,,,,,,,,
875,花之歌,歌曲,,,,VO-HZ0001,,简分谱 总谱,,,,✓,,,,,
876,江河水,女声独唱,,,,VO-JH0001,,手写总谱,,,,,,,,,
,江河水,粤曲清唱,,李复斌,李复斌,VO-JH0002,,总谱,,,,,,,,,
877,江姐组曲,歌剧,羊鸣、姜春阳、金砂,,丁家琳,VO-JJ0001,,总谱,,,,,,,,,
878,江姐——干革命，后继有人（山雨欲来风满楼）,歌剧,,,,VO-JJ0001,,总谱,,,,,,,,,
879,江姐——五洲人民齐欢笑,歌剧,,,,VO-JJ0001,,总谱,,,,,,,,,
880,骏马奔驰保边疆,歌曲,李复斌,,,VO-JM0001,,总谱 分谱,,,,,,,,,
881,江山美人,歌曲,,,,VO-JS0001,,总谱,,,,,,,,,
882,康定情歌,声乐,,,李复斌,VO-KD0001.2010,,总谱,,,,,,,,,
883,康定情歌,声乐,,李复斌,,VO-KD0001.2013,,总谱,,,,,,,,,
,康定情歌,声乐,,李复斌,李复斌,VO-KD0001.2010·2013,,总谱 分谱,,,,,,,,,
,客风出水莲（古韵转声响彻大中华）,女声汉曲清唱,,范胜华,,VO-KF0001,,手写总谱 手写简谱,,,,,,,,,
884,慷慨清音，明转天然（张莺燕地方民歌独唱音乐会）（16首）,独唱,,,,VO-KK0001.2019,,简总谱 总谱,,,,,,,,月牙五更、羊肚子手巾三道道蓝、新疆民歌组曲、荷英花、花儿与少年、铃铛、沂蒙山小调、一铺滩滩杨柳树、拔根芦柴花、天上雾腾腾、石榴花开叶子青、四季花儿开、嗺咚嗺、咕噜山歌、月光光、龙船调,
885,客家妹子爱唱歌,女声独唱,,,,VO-KJ0001,,总谱 分谱,,,,,,,,,
,看天下劳苦人民都解放,歌剧,张敬安、欧阳谦叔,,,VO-KT0001,,简谱,,,,,,,,,
886,曲08浪奔,男高音独唱与混声合唱,孟卫东,,李复斌,VO-LB0001,,总谱,,,,,,,,大型民族交响组曲《簕杜鹃与金莲花》,
887,龙船调,声乐,湖北民歌,曹文工,,VO-LC0001,,总谱 分谱,,,,,,,,,
,龙船调,女高音独唱,,李复斌,李复斌,VO-LC0001,,总谱,,,,,,,,,
888,李复斌歌曲集（上）（14首）,歌曲,李复斌,,,VO-LF0001,,简总谱,,,,,,,,打硪歌、寻梦的地方、中国电信之歌、窗口、红色木箱、热线、数据通讯、今天就在我的手、清江行、圆形的路、手、落叶颂、世界向你走来、莲湘舞——过年,
889,李复斌歌曲集（下）（4首）,歌曲,李复斌,,,VO-LF0001,,简总谱,,,,,,,,大地、清江龙舟节、世界想你走来、莲湘舞——过年,
890,刘海砍樵,声乐,,,,VO-LH0001,,总谱 分谱,,,,,,,,,
891,兰花花,独唱,陕北民歌,王志信,,VO-LH0002,,总谱,,,,,,,,,
892,曲12领航,男低音独唱与混声合唱,孟卫东,,李复斌,VO-LH0003.2021,,简总谱,,,,,,,,大型民族交响组曲《簕杜鹃与金莲花》,
893,娄兰姑娘,女声三重唱,,,李复斌,VO-LL0001,,总谱,,,,,,,,,
894,梨园春（徽京乐歌）,青衣演唱,李复斌,,,VO-LY0001.2024,,总谱,,,,,,,,,
,梨园春,独唱,李复斌,,,VO-LY0001.2008,,总谱 分谱,,,,,,,,,
895,绿荫,男女声小组唱与混声合唱,孟卫东,,,VO-LY0001.2021,,简总谱 总谱,,,,,,,,大型民族交响组曲《簕杜鹃与金莲花》,
896,荔枝颂（广东小曲）,独唱,陈冠卿,李复斌,,VO-LZ0001.2017,,总谱,,,,,,,,,
897,荔枝颂（广东小曲）,独唱,陈冠卿,李复斌,,VO-LZ0001.2019,,总谱,,,,,,,,,
898,荔枝颂（广东小曲）,独唱,陈冠卿,李复斌,,VO-LZ0001.2019（2）,,分谱,,,,,,,,,
899,荔枝颂,钢伴与独唱,,,钱正均,VO-LZ0001,,总谱,,,,,,,,,
900,漫步人生路,独唱,中岛美雪,李复斌,,VO-MB0001.2010,,总谱,,,,,,,,,
,漫步人生路,独唱,中岛美雪,李复斌,,VO-MB0001.2010,,总谱 分谱,,,,,,,,,
,门当户对,独唱,黄德兴,李复斌,,VO-MD0001,,总谱 分谱,,,,,,,,,
901,玫瑰香片,歌曲,,,,VO-MG0001,,分谱,,,,,,,,演唱：梁玉嵘,
902,梦会太湖,独唱,,,李复斌,VO-MH0001,,总谱,,,,,,,,,
,梅花引,独唱,徐沛东,,李复斌,VO-MH0002.2009,,总谱 分谱,,,,,,,,,
,梅花引,独唱,徐沛东,,李复斌,VO-MH0002.2009,,总谱 分谱,,,,,,,,,
903,茉莉花,声乐,江苏民歌,曹文工,,VO-ML0001,,总谱 分谱,,,,,,,,,
904,苗岭连北京（苗族民歌）、赶牲灵,歌曲,,白诚仁,李复斌,VO-ML0002,,总谱 分谱,,,,,,,,,
905,马铃儿响来玉鸟儿唱,男女声二重唱,罗宗贤、葛炎,,,VO-ML0003.2009,,总谱,,,,,,,,,
,木兰从军,女独,,,,,,手写总谱,,,,,,,,,
906,梦寻芙蓉镇,独唱,杨晓,,赵丹,VO-MX0001,,总谱,,,,,,,,,
907,玛依拉,声乐,,丁善德,于化新,VO-MY0001,,总谱 分谱,,,,,,,,,
908,南海赞,女声合唱,,李复斌,,VO-NH0001,,总谱,,,,,,,,,
909,南海潮,男声合唱,李复斌,,,VO-NH0002.2020,,总谱 分谱,,,,,,,,,
,念亲恩,歌曲,,,,VO-NQ0001,,总谱,,,,,,,,,
910,难忘今宵,歌曲,,,李复斌,VO-NW0001,,总谱,,,,,,,,,
911,请茶歌,歌曲,解策励,,李复斌,VO-QC0001,,总谱 分谱,,,,,,,,,
912,清江龙舟节,女声三重唱,李复斌,,李复斌,VO-QJ0001,,总谱,,,,,,,,,
913,清粼粼的水来蓝莹莹的天（选自歌剧《小二黑结婚》）,女高音独唱,马可,,,VO-QL0001,,总谱,,,,,,,,,
914,亲亲呆呆,歌曲,,,,VO-QQ0001,,手写总谱,,,,,,,,,
,恰似你的温柔,歌曲,梁弘志,,,VO-QS0001,,歌谱,,,,,,,,,
,恰似你的温柔,歌曲,梁弘志,李复斌,李复斌,VO-QS0001,,总谱 分谱,,,,,,,,,
915,七月,民族女高音与合唱,李复斌,,,VO-QY0001,,总谱,,,,,,,,,
,七月,女高音独唱,李复斌,,,VO-QY0001,,总谱,,,,,,,,,
916,屈原：《楚辞》之“越人歌”,独唱,李复斌,,,VO-QY0001.2010,,总谱 分谱,,,,,,,,,
917,让世界充满爱,歌曲,,,,VO-RS0001,,总谱 分谱,,,,,,,,,
918,谁不说俺家乡好,声乐,,,房晓敏,VO-SB0001,,手写总谱,,,,,,,,,
919,山茶花,歌曲,远藤实,,,VO-SC0001,,总谱,,,,,,,,,
,山茶花,歌曲独唱,,李复斌,李复斌,VO-SC0002,,总谱 分谱,,,,,,,,,
920,山丹丹花开红艳艳、春天的故事、父老乡亲,声乐,王佑贵,,李助炘,VO-SD0001,,总谱,,,,,,,,春天的故事（曲：王佑贵）,
921,Scarborough Fair（斯卡布罗集市）,钢琴solo,电影《毕业生》插曲,,,VO-SF0001,,分谱,,,,,,,,,
922,山歌一曲迎宾客,男女声领唱和合唱,李复斌,,,VO-SG0001,,总谱,,,,,,,,,
923,山歌唱出好兆头,男声独唱,,梁军,,VO-SG0002,,总谱,,,,,,,,,
924,素歌,女高solo,严冬,,,VO-SG0003,,总谱 分谱,,,,,,,,,
,送个妈妈的茉莉花  梅花引         越来越好,女生独唱,,李复斌,李复斌,VO-SG0004.2005,,总谱 歌谱,,,,,,,,,
925,世界向你走来,歌曲,李复斌,,,VO-SJ0001,,简总谱 总谱,,,,,,,,,
926,神秘湘西等你来,歌曲,向远、杨晓,,赵丹,VO-SM0001,,总谱,,,,,,,,,
,少年壮志不言愁,男高音独唱,,李复斌,,VO-SN0001,,总谱 分谱,,,,,,,,,
927,送情郎,独唱与合唱,山西河曲民歌,,,VO-SQ0001,,总谱 分谱,,,,,,,,,
928,烧肉粽,声乐,张邱东松,,曹文工,VO-SR0001,,总谱 分谱,,,,,,,,,
929,十送红军,声乐,,,,VO-SS0001,,总谱 分谱,,,,,,,,,
930,十送红军,唢呐与乐队/合唱,,李复斌,,VO-SS0002,,总谱 分谱,,,,,,,,,
931,土家喜爱咚咚咥,声乐,杨小波,,赵丹,VO-TJ0001,,总谱,,,,,,,,,
932,土家哦伙歌,女高独唱,王原平,,李复斌,VO-TJ0002.2016,,总谱 分谱,,,,,,,,,
933,甜蜜蜜,歌曲,,李复斌,,VO-TM0001.2010,,总谱,,,,,,,,,
,甜蜜蜜,歌曲,,李复斌,,VO-TM0001.2010,,总谱 分谱,,,,,,,,,
,太阳出来喜洋洋,独唱,四川民歌,,房晓敏,VO-TY0001,,总谱,,,,,,,,,
934,我的太阳,独唱,,,,VO-WD0001,,总谱,,,,,,,,,
,我的太阳,歌曲,,李复斌,李复斌,VO-WD0001,,aa,,,,,,,,,
935,五哥放羊（榆林小曲）,声乐,,曹文工,,VO-WG0001,,总谱 分谱,,,,,,,,,
,五哥放羊,女生独唱,,李复斌,,VO-WG0001,,手写总谱,,,,,,,,,
936,我们的生活充满阳光（电影《甜蜜的事业》插曲）,声乐,吕远、唐诃,,李复斌,VO-WM0001,,总谱 分谱,,,,,,,,,
937,我们的生活充满阳光（电影《甜蜜的事业》插曲）,歌曲,,,,VO-WM0001.2004,,总谱,,,,,,,,,
938,WakaWaka,歌曲重唱,,,,VO-WW0001,,简总谱,,,,,,,,,
939,五州人民齐欢笑（选自歌剧《江姐》）,歌曲独唱,,,,VO-WZ0001,,总谱 分谱,,,,,,,,,
940,洗菜心,声乐,,,,VO-XC0001,,总谱 分谱,,,,,,,,,
941,小城故事,歌曲独唱,,杨培贤,,VO-XC0002,,手写总谱,,,,,,,,,
942,小城故事,歌曲独唱,汤尼,,,VO-XC0002,,总谱 分谱,,,,,,,,,
943,幸福水乡,歌曲女合男独,李复斌,李复斌,,VO-XF0001,,手写简总谱,,,,,,,,,
944,（新）贵妃醉酒,歌曲,胡力,,李复斌,VO-XG0001.2013,,总谱,,,,,,,,,
945,绣荷包（云南）,歌曲,,曹文工,,VO-XH0001,,总谱 分谱,,,,,,,,,
,西楼恨,独唱,,,,VO-XL0001,,,,,,,,,,,
946,下四川,声乐,甘肃民歌,曹文工,,VO-XS0001,,总谱 分谱,,,,,,,,,
,星星索（船歌）,歌曲,,李复斌,李复斌,VO-XX0001,,总谱 分谱,,,,,,,,,
,岳飞满江红,独唱,李复斌,,,VO-YF0001.2009,,总谱 分谱,,,,,,,,,
,远方的客人请你留下来,乌苏里船歌,,,李复斌,VO-YF0002.2005,,总谱,,,,,,,,,
947,月光光-联唱,女高,,梁军,,VO-YG0001,,总谱,,,,,,,,广东,
948,阳光下的雪花,歌曲,李复斌,,,VO-YG0002.2018,,总谱 分谱,,,,,,,,,
949,阳关三叠——为女高音、琴、管子、古筝而作,女高音,,李复斌,,VO-YG0003.2011,,总谱,,,,,,,,,
950,月亮代表我的心,歌曲,,杨培贤,,VO-YL0001.2004,,总谱 分谱,,,,,,,,,
951,摇篮曲,合唱与独唱,东北民歌,郑建春,曹文工,VO-YL0002,,总谱 分谱,,,,,,,,,
952,夜来香,歌曲独唱,,李复斌,,VO-YL0003.2010,,总谱,,,,,,,,,
953,越人歌,声乐,刘青,,邓垚、白栋梁,VO-YR0001,,总谱,,,,,,,,,
954,远情,女高音独唱,,,李复斌,VO-YQ0001.2013,,总谱 分谱,,,,,,,,,
955,忆秦娥·娄山关,女声独唱、合唱,李复斌、梁玉嵘,,,VO-YQ0002.2016,,总谱,,,,,,,,,
,越人歌,歌曲,,,李复斌,VO-YR0001.2005,,总谱,,,,,,,,编钟,
956,影视歌曲四首,歌曲,,李复斌,,VO-YS0001.2019,,总谱,,,,,,,,《公关小姐》《蓝精灵之歌》《建国大业》之追寻《我爱你·中国》,
957,永远跟你走,歌曲,李复斌,,,VO-YY0001.2008,,总谱,,,,,,,,,
,雨夜悲怀,梁玉嵘歌曲演唱,,李复斌,,VO-YY0002,,总谱 分谱,,,,,,,,,
,渔歌晚唱,梁玉嵘歌曲演唱,,李复斌,,VO-YG0003,曲库电脑,总谱,,,✓,,,,,,
,渔舟唱晚,梁玉嵘歌曲演唱,,李复斌,,VO-YZ0004.2019,曲库电脑,总谱,,✓,,,,,,,
,渔舟唱晚/沧海一声笑,梁玉嵘歌曲演唱,,李复斌,,VO-YZ0004.2025,曲库电脑,总谱 分谱,✓,✓,,,,,,,
958,知道不知道,声乐,,曹文工,,VO-ZB0001,,总谱 分谱,,,,,,,,,
,紫钗恨,独唱,,,李复斌,VO-ZC0001。2006,,总谱,,,,,,,,,
959,长大后我就成了你,歌曲,,,李复斌,VO-ZD0001,,总谱 分谱,,,,,,,,,
960,祖国颂,歌曲,,,,VO-ZG0001,,分谱,,,,,,,,,
961,组歌五首,独唱,,,,VO-ZG0002,,总谱 分谱,,,,,,,,,
,中国喜洋洋,,,梁军,,VO-ZG0003,,总谱,,,,,,,,,
,祖国万岁,独唱,,李复斌,,VO-ZG0004,,总谱 分谱,,,,,,,,,
962,中华大家园,歌曲,李复斌,,,VO-ZH0001.2008,,总谱,,,,,,,,,
963,珠江之夜（广东音乐）,女生齐唱,,,汤凯旋,VO-ZJ0001.2002,,手写简总谱,,,,,,,,广东,
964,珠江水 南国情,独唱,唐永葆,,李复斌,VO-ZJ0002.2011,,总谱,,,,,,,,广东,
,珠江水 南国情,独唱,唐永葆,,,VO-ZJ0002.2011,,总谱 分谱,,,,,,,,,
965,珠江春潮（第五章——珠江春暖之《七月》）,民族女高音,李复斌,,,VO-ZJ0003,,总谱,,,,,,,,广东,
966,祝酒歌,声乐独唱,施光南,,李复斌,VO-ZJ0004,,总谱,,,,,,,,,
,祝酒歌,声乐独唱,施光南,,,VO-ZJ0004,,手写总谱,,,,,,,,,
,再见杨柳,歌曲,,李复斌,,VO-ZJ0005.2005,,分谱,,,,,,,,,
967,在那遥远的地方,歌曲,王洛宾,,曹文工,VO-ZN0001,,分谱,,,,,,,,,
,在那桃花盛开的地方,歌曲,铁源,李复斌,李复斌,VO-ZN0002,,总谱,,,,,,,,,
,在 水一方,歌曲,林家庆,李复斌,,VO-ZS0001,,总谱 分谱,,,,,,,,交响管乐合奏版,
968,在希望的田野上,歌曲,李复斌,,,VO-ZX0001.2008,,总谱,,,,,,,,,
969,只有山歌敬亲人,群众对唱,雷振邦,,曹文工,VO-ZY0001,,总谱 分谱,,,,,,,,电影《刘三姐》的插曲,
970,在中国大陆上（原版、扩展版）,歌曲,士心,李复斌,杨立娜,VO-ZZ0001,,总谱 分谱,,,,,,,,,
971,荒野七侠,双排键,E.伯恩斯坦,埃及,,EO-HY0001,,总谱,,,,,,,,外国歌曲,
972,闹秋,电子琴,李复斌,,,EO-NQ0001,,总谱,,,,,,,,,
973,泰坦尼克号之旅,电子管风琴,,,李复斌,EO-TT0001,,总谱 分谱,,,,,,,,外国歌曲,
974,红唇绿酒,萨克斯,,,,SA-HC0001,,分谱,,,,,,,,,
975,午夜的萨克斯,萨克斯与乐队,戴夫·考兹,,,SA-WY0001,,总谱 分谱,,,,,,,,外国歌曲,
976,记忆,吉他独奏,Andraw Lioyd Weber,李复斌,,GT-JY0001.2004,,总谱 分谱,,,,,,,,,
977,手风琴集（六首）,外国乐曲旋律谱,,,,AC-SF0001,,总谱,,,,,,,,G大调小步舞曲、音乐的瞬间、军队进行曲、云雀、哈巴涅拉舞曲、小天鹅舞曲,